date,value
2018-12-28 00:00:00+00:00,1483447.0
2018-12-29 00:00:00+00:00,8118029.0
2018-12-30 00:00:00+00:00,1713458.0
2018-12-31 00:00:00+00:00,298764.0
2019-01-01 00:00:00+00:00,7064893.0
2019-01-02 00:00:00+00:00,8999268.0
2019-01-03 00:00:00+00:00,9497947.0
2019-01-04 00:00:00+00:00,9560597.0
2019-01-05 00:00:00+00:00,8653012.0
2019-01-06 00:00:00+00:00,7953880.0
2019-01-07 00:00:00+00:00,9229336.0
2019-01-08 00:00:00+00:00,10172210.0
2019-01-09 00:00:00+00:00,10175691.0
2019-01-10 00:00:00+00:00,10313327.0
2019-01-11 00:00:00+00:00,10428184.0
2019-01-12 00:00:00+00:00,9275665.0
2019-01-13 00:00:00+00:00,8695444.0
2019-01-14 00:00:00+00:00,10069208.0
2019-01-15 00:00:00+00:00,10164487.0
2019-01-16 00:00:00+00:00,10204651.0
2019-01-17 00:00:00+00:00,10227904.0
2019-01-18 00:00:00+00:00,10227336.0
2019-01-19 00:00:00+00:00,9222534.0
2019-01-20 00:00:00+00:00,8514485.0
2019-01-21 00:00:00+00:00,10043258.0
2019-01-22 00:00:00+00:00,10436808.0
2019-01-23 00:00:00+00:00,10316113.0
2019-01-24 00:00:00+00:00,10117405.0
2019-01-25 00:00:00+00:00,9837088.0
2019-01-26 00:00:00+00:00,8710828.0
2019-01-27 00:00:00+00:00,8203829.0
2019-01-28 00:00:00+00:00,9778637.0
2019-01-29 00:00:00+00:00,9998078.0
2019-01-30 00:00:00+00:00,9646345.0
2019-01-31 00:00:00+00:00,361925.0
2019-02-01 00:00:00+00:00,9774677.0
2019-02-02 00:00:00+00:00,8939081.0
2019-02-03 00:00:00+00:00,8424320.0
2019-02-04 00:00:00+00:00,10001884.0
2019-02-05 00:00:00+00:00,9954343.0
2019-02-06 00:00:00+00:00,9764985.0
2019-02-07 00:00:00+00:00,9686053.0
2019-02-08 00:00:00+00:00,9569932.0
2019-02-09 00:00:00+00:00,8615926.0
2019-02-10 00:00:00+00:00,8093596.0
2019-02-11 00:00:00+00:00,9407409.0
2019-02-12 00:00:00+00:00,9611756.0
2019-02-13 00:00:00+00:00,9553542.0
2019-02-14 00:00:00+00:00,9515877.0
2019-02-15 00:00:00+00:00,9457474.0
2019-02-16 00:00:00+00:00,8446716.0
2019-02-17 00:00:00+00:00,7886821.0
2019-02-18 00:00:00+00:00,9385608.0
2019-02-19 00:00:00+00:00,9490933.0
2019-02-20 00:00:00+00:00,9436970.0
2019-02-21 00:00:00+00:00,9427138.0
2019-02-22 00:00:00+00:00,9242356.0
2019-02-23 00:00:00+00:00,8251439.0
2019-02-24 00:00:00+00:00,7642813.0
2019-02-25 00:00:00+00:00,9051095.0
2019-02-26 00:00:00+00:00,9137287.0
2019-02-27 00:00:00+00:00,8803010.0
2019-02-28 00:00:00+00:00,335625.0
2019-03-01 00:00:00+00:00,8985799.0
2019-03-02 00:00:00+00:00,8077633.0
2019-03-03 00:00:00+00:00,7486296.0
2019-03-04 00:00:00+00:00,8809961.0
2019-03-05 00:00:00+00:00,8986465.0
2019-03-06 00:00:00+00:00,9236216.0
2019-03-07 00:00:00+00:00,9120784.0
2019-03-08 00:00:00+00:00,8976880.0
2019-03-09 00:00:00+00:00,8015652.0
2019-03-10 00:00:00+00:00,7385925.0
2019-03-11 00:00:00+00:00,8715107.0
2019-03-12 00:00:00+00:00,8919775.0
2019-03-13 00:00:00+00:00,9054396.0
2019-03-14 00:00:00+00:00,9031256.0
2019-03-15 00:00:00+00:00,8856087.0
2019-03-16 00:00:00+00:00,7906064.0
2019-03-17 00:00:00+00:00,7373165.0
2019-03-18 00:00:00+00:00,8555269.0
2019-03-19 00:00:00+00:00,8496068.0
2019-03-20 00:00:00+00:00,9062219.0
2019-03-21 00:00:00+00:00,9098061.0
2019-03-22 00:00:00+00:00,8992054.0
2019-03-23 00:00:00+00:00,8017959.0
2019-03-24 00:00:00+00:00,7368050.0
2019-03-25 00:00:00+00:00,8634010.0
2019-03-26 00:00:00+00:00,8821023.0
2019-03-27 00:00:00+00:00,8836650.0
2019-03-28 00:00:00+00:00,8834714.0
2019-03-29 00:00:00+00:00,8808425.0
2019-03-30 00:00:00+00:00,7639584.0
2019-03-31 00:00:00+00:00,600634.0
2019-04-01 00:00:00+00:00,8834927.0
2019-04-02 00:00:00+00:00,8941698.0
2019-04-03 00:00:00+00:00,8955075.0
2019-04-04 00:00:00+00:00,9005608.0
2019-04-05 00:00:00+00:00,9148297.0
2019-04-06 00:00:00+00:00,8163458.0
2019-04-07 00:00:00+00:00,7661570.0
2019-04-08 00:00:00+00:00,9032398.0
2019-04-09 00:00:00+00:00,9157640.0
2019-04-10 00:00:00+00:00,9122812.0
2019-04-11 00:00:00+00:00,9080185.0
2019-04-12 00:00:00+00:00,8860147.0
2019-04-13 00:00:00+00:00,7870725.0
2019-04-14 00:00:00+00:00,7297819.0
2019-04-15 00:00:00+00:00,8536898.0
2019-04-16 00:00:00+00:00,8576676.0
2019-04-17 00:00:00+00:00,8486124.0
2019-04-18 00:00:00+00:00,7579618.0
2019-04-19 00:00:00+00:00,7010888.0
2019-04-20 00:00:00+00:00,7196048.0
2019-04-21 00:00:00+00:00,6932944.0
2019-04-22 00:00:00+00:00,7545063.0
2019-04-23 00:00:00+00:00,8318128.0
2019-04-24 00:00:00+00:00,8833669.0
2019-04-25 00:00:00+00:00,8820460.0
2019-04-26 00:00:00+00:00,8601541.0
2019-04-27 00:00:00+00:00,7587428.0
2019-04-28 00:00:00+00:00,6880667.0
2019-04-29 00:00:00+00:00,7602141.0
2019-04-30 00:00:00+00:00,601493.0
2019-05-01 00:00:00+00:00,7004820.0
2019-05-02 00:00:00+00:00,8140225.0
2019-05-03 00:00:00+00:00,8361189.0
2019-05-04 00:00:00+00:00,7600820.0
2019-05-05 00:00:00+00:00,7068806.0
2019-05-06 00:00:00+00:00,8372989.0
2019-05-07 00:00:00+00:00,8605127.0
2019-05-08 00:00:00+00:00,8680046.0
2019-05-09 00:00:00+00:00,8669439.0
2019-05-10 00:00:00+00:00,8590394.0
2019-05-11 00:00:00+00:00,7655885.0
2019-05-12 00:00:00+00:00,7058356.0
2019-05-13 00:00:00+00:00,8383321.0
2019-05-14 00:00:00+00:00,8636558.0
2019-05-15 00:00:00+00:00,8608055.0
2019-05-16 00:00:00+00:00,8703391.0
2019-05-17 00:00:00+00:00,8484004.0
2019-05-18 00:00:00+00:00,7560642.0
2019-05-19 00:00:00+00:00,7054519.0
2019-05-20 00:00:00+00:00,8379907.0
2019-05-21 00:00:00+00:00,8569817.0
2019-05-22 00:00:00+00:00,8657609.0
2019-05-23 00:00:00+00:00,8661930.0
2019-05-24 00:00:00+00:00,8583868.0
2019-05-25 00:00:00+00:00,7635637.0
2019-05-26 00:00:00+00:00,7012168.0
2019-05-27 00:00:00+00:00,8482023.0
2019-05-28 00:00:00+00:00,8692407.0
2019-05-29 00:00:00+00:00,8667423.0
2019-05-30 00:00:00+00:00,7996273.0
2019-05-31 00:00:00+00:00,641635.0
2019-06-01 00:00:00+00:00,7863310.0
2019-06-02 00:00:00+00:00,7342111.0
2019-06-03 00:00:00+00:00,8811322.0
2019-06-04 00:00:00+00:00,8965235.0
2019-06-05 00:00:00+00:00,8767197.0
2019-06-06 00:00:00+00:00,8682263.0
2019-06-07 00:00:00+00:00,8630851.0
2019-06-08 00:00:00+00:00,7757088.0
2019-06-09 00:00:00+00:00,7196731.0
2019-06-10 00:00:00+00:00,8375724.0
2019-06-11 00:00:00+00:00,8607813.0
2019-06-12 00:00:00+00:00,8680419.0
2019-06-13 00:00:00+00:00,8733254.0
2019-06-14 00:00:00+00:00,8675279.0
2019-06-15 00:00:00+00:00,7799544.0
2019-06-16 00:00:00+00:00,7242249.0
2019-06-17 00:00:00+00:00,2069507.0
2019-06-18 00:00:00+00:00,8889148.0
2019-06-19 00:00:00+00:00,8962203.0
2019-06-20 00:00:00+00:00,8850097.0
2019-06-21 00:00:00+00:00,8798835.0
2019-06-22 00:00:00+00:00,8047824.0
2019-06-23 00:00:00+00:00,7512683.0
2019-06-24 00:00:00+00:00,8319261.0
2019-06-25 00:00:00+00:00,9300354.0
2019-06-26 00:00:00+00:00,9607612.0
2019-06-27 00:00:00+00:00,9800922.0
2019-06-28 00:00:00+00:00,9928980.0
2019-06-29 00:00:00+00:00,8375224.0
2019-06-30 00:00:00+00:00,683606.0
2019-07-01 00:00:00+00:00,9712877.0
2019-07-02 00:00:00+00:00,9823405.0
2019-07-03 00:00:00+00:00,9797372.0
2019-07-04 00:00:00+00:00,9806939.0
2019-07-05 00:00:00+00:00,9789944.0
2019-07-06 00:00:00+00:00,8839767.0
2019-07-07 00:00:00+00:00,8232240.0
2019-07-08 00:00:00+00:00,9442218.0
2019-07-09 00:00:00+00:00,9369202.0
2019-07-10 00:00:00+00:00,9542529.0
2019-07-11 00:00:00+00:00,9938424.0
2019-07-12 00:00:00+00:00,9992771.0
2019-07-13 00:00:00+00:00,8855798.0
2019-07-14 00:00:00+00:00,8052481.0
2019-07-15 00:00:00+00:00,9654421.0
2019-07-16 00:00:00+00:00,9750281.0
2019-07-17 00:00:00+00:00,9637425.0
2019-07-18 00:00:00+00:00,9746299.0
2019-07-19 00:00:00+00:00,9875387.0
2019-07-20 00:00:00+00:00,8957189.0
2019-07-21 00:00:00+00:00,8372757.0
2019-07-22 00:00:00+00:00,10135735.0
2019-07-23 00:00:00+00:00,10370048.0
2019-07-24 00:00:00+00:00,10385555.0
2019-07-25 00:00:00+00:00,10075726.0
2019-07-26 00:00:00+00:00,9750159.0
2019-07-27 00:00:00+00:00,8417809.0
2019-07-28 00:00:00+00:00,7710305.0
2019-07-29 00:00:00+00:00,9241248.0
2019-07-30 00:00:00+00:00,8702366.0
2019-07-31 00:00:00+00:00,685719.0
2019-08-01 00:00:00+00:00,9519547.0
2019-08-02 00:00:00+00:00,9458754.0
2019-08-03 00:00:00+00:00,8491394.0
2019-08-04 00:00:00+00:00,7986509.0
2019-08-05 00:00:00+00:00,9386002.0
2019-08-06 00:00:00+00:00,9595129.0
2019-08-07 00:00:00+00:00,9496678.0
2019-08-08 00:00:00+00:00,9677310.0
2019-08-09 00:00:00+00:00,9673502.0
2019-08-10 00:00:00+00:00,8664583.0
2019-08-11 00:00:00+00:00,7880736.0
2019-08-12 00:00:00+00:00,8644808.0
2019-08-13 00:00:00+00:00,8632543.0
2019-08-14 00:00:00+00:00,8768561.0
2019-08-15 00:00:00+00:00,7994702.0
2019-08-16 00:00:00+00:00,8721298.0
2019-08-17 00:00:00+00:00,8366956.0
2019-08-18 00:00:00+00:00,7916514.0
2019-08-19 00:00:00+00:00,9091326.0
2019-08-20 00:00:00+00:00,9011400.0
2019-08-21 00:00:00+00:00,8977434.0
2019-08-22 00:00:00+00:00,9047380.0
2019-08-23 00:00:00+00:00,9039916.0
2019-08-24 00:00:00+00:00,8282245.0
2019-08-25 00:00:00+00:00,7766981.0
2019-08-26 00:00:00+00:00,9158916.0
2019-08-27 00:00:00+00:00,9071057.0
2019-08-28 00:00:00+00:00,9216863.0
2019-08-29 00:00:00+00:00,9412258.0
2019-08-30 00:00:00+00:00,8830059.0
2019-08-31 00:00:00+00:00,637454.0
2019-09-01 00:00:00+00:00,7908584.0
2019-09-02 00:00:00+00:00,9309155.0
2019-09-03 00:00:00+00:00,9644102.0
2019-09-04 00:00:00+00:00,9699471.0
2019-09-05 00:00:00+00:00,9399755.0
2019-09-06 00:00:00+00:00,9078646.0
2019-09-07 00:00:00+00:00,8078175.0
2019-09-08 00:00:00+00:00,7511748.0
2019-09-09 00:00:00+00:00,8790953.0
2019-09-10 00:00:00+00:00,8775700.0
2019-09-11 00:00:00+00:00,8413955.0
2019-09-12 00:00:00+00:00,8676691.0
2019-09-13 00:00:00+00:00,8540976.0
2019-09-14 00:00:00+00:00,7682438.0
2019-09-15 00:00:00+00:00,7285389.0
2019-09-16 00:00:00+00:00,8785359.0
2019-09-17 00:00:00+00:00,8999906.0
2019-09-18 00:00:00+00:00,9014623.0
2019-09-19 00:00:00+00:00,9051920.0
2019-09-20 00:00:00+00:00,8934173.0
2019-09-21 00:00:00+00:00,7917078.0
2019-09-22 00:00:00+00:00,7308985.0
2019-09-23 00:00:00+00:00,8568476.0
2019-09-24 00:00:00+00:00,8816241.0
2019-09-25 00:00:00+00:00,8938161.0
2019-09-26 00:00:00+00:00,8961427.0
2019-09-27 00:00:00+00:00,8892337.0
2019-09-28 00:00:00+00:00,7858894.0
2019-09-29 00:00:00+00:00,6689320.0
2019-09-30 00:00:00+00:00,623671.0
2019-10-01 00:00:00+00:00,8977960.0
2019-10-02 00:00:00+00:00,8845310.0
2019-10-03 00:00:00+00:00,8711023.0
2019-10-04 00:00:00+00:00,8695859.0
2019-10-05 00:00:00+00:00,7765370.0
2019-10-06 00:00:00+00:00,7222730.0
2019-10-07 00:00:00+00:00,8594249.0
2019-10-08 00:00:00+00:00,8827833.0
2019-10-09 00:00:00+00:00,8626791.0
2019-10-10 00:00:00+00:00,8757960.0
2019-10-11 00:00:00+00:00,8623974.0
2019-10-12 00:00:00+00:00,7471499.0
2019-10-13 00:00:00+00:00,7157212.0
2019-10-14 00:00:00+00:00,8565668.0
2019-10-15 00:00:00+00:00,8513366.0
2019-10-16 00:00:00+00:00,8587231.0
2019-10-17 00:00:00+00:00,8622725.0
2019-10-18 00:00:00+00:00,8463667.0
2019-10-19 00:00:00+00:00,7657473.0
2019-10-20 00:00:00+00:00,7104472.0
2019-10-21 00:00:00+00:00,8442797.0
2019-10-22 00:00:00+00:00,8745437.0
2019-10-23 00:00:00+00:00,8810232.0
2019-10-24 00:00:00+00:00,8755607.0
2019-10-25 00:00:00+00:00,8650040.0
2019-10-26 00:00:00+00:00,7638979.0
2019-10-27 00:00:00+00:00,7131926.0
2019-10-28 00:00:00+00:00,8488148.0
2019-10-29 00:00:00+00:00,8671159.0
2019-10-30 00:00:00+00:00,8376579.0
2019-10-31 00:00:00+00:00,309160.0
2019-11-01 00:00:00+00:00,7361273.0
2019-11-02 00:00:00+00:00,7364861.0
2019-11-03 00:00:00+00:00,7052701.0
2019-11-04 00:00:00+00:00,8502142.0
2019-11-05 00:00:00+00:00,8728903.0
2019-11-06 00:00:00+00:00,8759066.0
2019-11-07 00:00:00+00:00,8922118.0
2019-11-08 00:00:00+00:00,9024275.0
2019-11-09 00:00:00+00:00,8102113.0
2019-11-10 00:00:00+00:00,7561439.0
2019-11-11 00:00:00+00:00,9171867.0
2019-11-12 00:00:00+00:00,9294449.0
2019-11-13 00:00:00+00:00,9330467.0
2019-11-14 00:00:00+00:00,9528227.0
2019-11-15 00:00:00+00:00,9523240.0
2019-11-16 00:00:00+00:00,8543630.0
2019-11-17 00:00:00+00:00,8067134.0
2019-11-18 00:00:00+00:00,9465076.0
2019-11-19 00:00:00+00:00,9770400.0
2019-11-20 00:00:00+00:00,9854061.0
2019-11-21 00:00:00+00:00,9831446.0
2019-11-22 00:00:00+00:00,9750391.0
2019-11-23 00:00:00+00:00,8425216.0
2019-11-24 00:00:00+00:00,7859387.0
2019-11-25 00:00:00+00:00,9291701.0
2019-11-26 00:00:00+00:00,9400569.0
2019-11-27 00:00:00+00:00,9254302.0
2019-11-28 00:00:00+00:00,9278212.0
2019-11-29 00:00:00+00:00,8812232.0
2019-11-30 00:00:00+00:00,309163.0
2019-12-01 00:00:00+00:00,7734099.0
2019-12-02 00:00:00+00:00,9186035.0
2019-12-03 00:00:00+00:00,9453238.0
2019-12-04 00:00:00+00:00,9566003.0
2019-12-05 00:00:00+00:00,9466549.0
2019-12-06 00:00:00+00:00,8260808.0
2019-12-07 00:00:00+00:00,8122557.0
2019-12-08 00:00:00+00:00,7784906.0
2019-12-09 00:00:00+00:00,8761466.0
2019-12-10 00:00:00+00:00,9456526.0
2019-12-11 00:00:00+00:00,9605656.0
2019-12-12 00:00:00+00:00,9785693.0
2019-12-13 00:00:00+00:00,9453861.0
2019-12-14 00:00:00+00:00,8352887.0
2019-12-15 00:00:00+00:00,7910033.0
2019-12-16 00:00:00+00:00,9336455.0
2019-12-17 00:00:00+00:00,9474853.0
2019-12-18 00:00:00+00:00,9483724.0
2019-12-19 00:00:00+00:00,9466641.0
2019-12-20 00:00:00+00:00,8958374.0
2019-12-21 00:00:00+00:00,7895162.0
2019-12-22 00:00:00+00:00,7355505.0
2019-12-23 00:00:00+00:00,8047746.0
2019-12-24 00:00:00+00:00,7365562.0
2019-12-25 00:00:00+00:00,6428639.0
2019-12-26 00:00:00+00:00,7514956.0
2019-12-27 00:00:00+00:00,8083982.0
2019-12-28 00:00:00+00:00,7724400.0
2019-12-29 00:00:00+00:00,7388000.0
2019-12-30 00:00:00+00:00,7982822.0
2019-12-31 00:00:00+00:00,293892.0
2020-01-01 00:00:00+00:00,6983011.0
2020-01-02 00:00:00+00:00,8744941.0
2020-01-03 00:00:00+00:00,9057922.0
2020-01-04 00:00:00+00:00,8341057.0
2020-01-05 00:00:00+00:00,7887749.0
2020-01-06 00:00:00+00:00,7650473.0
2020-01-07 00:00:00+00:00,9547422.0
2020-01-08 00:00:00+00:00,9869709.0
2020-01-09 00:00:00+00:00,9933173.0
2020-01-10 00:00:00+00:00,9894218.0
2020-01-11 00:00:00+00:00,8884498.0
2020-01-12 00:00:00+00:00,8429485.0
2020-01-13 00:00:00+00:00,10090688.0
2020-01-14 00:00:00+00:00,10163604.0
2020-01-15 00:00:00+00:00,10029997.0
2020-01-16 00:00:00+00:00,9929141.0
2020-01-17 00:00:00+00:00,9761536.0
2020-01-18 00:00:00+00:00,8764716.0
2020-01-19 00:00:00+00:00,8308484.0
2020-01-20 00:00:00+00:00,10205956.0
2020-01-21 00:00:00+00:00,10441612.0
2020-01-22 00:00:00+00:00,10201734.0
2020-01-23 00:00:00+00:00,10031423.0
2020-01-24 00:00:00+00:00,9906392.0
2020-01-25 00:00:00+00:00,8820145.0
2020-01-26 00:00:00+00:00,8142935.0
2020-01-27 00:00:00+00:00,9735686.0
2020-01-28 00:00:00+00:00,2280443.0
2020-01-29 00:00:00+00:00,9553198.0
2020-01-30 00:00:00+00:00,9083160.0
2020-01-31 00:00:00+00:00,341185.0
2020-02-01 00:00:00+00:00,8193884.0
2020-02-02 00:00:00+00:00,7577251.0
2020-02-03 00:00:00+00:00,8830368.0
2020-02-04 00:00:00+00:00,9011071.0
2020-02-05 00:00:00+00:00,9127684.0
2020-02-06 00:00:00+00:00,9267194.0
2020-02-07 00:00:00+00:00,9320131.0
2020-02-08 00:00:00+00:00,8403471.0
2020-02-09 00:00:00+00:00,7839786.0
2020-02-10 00:00:00+00:00,9074277.0
2020-02-11 00:00:00+00:00,9201320.0
2020-02-12 00:00:00+00:00,9254960.0
2020-02-13 00:00:00+00:00,9181415.0
2020-02-14 00:00:00+00:00,9126097.0
2020-02-15 00:00:00+00:00,8148459.0
2020-02-16 00:00:00+00:00,7597148.0
2020-02-17 00:00:00+00:00,8944785.0
2020-02-18 00:00:00+00:00,9227539.0
2020-02-19 00:00:00+00:00,9220168.0
2020-02-20 00:00:00+00:00,9203092.0
2020-02-21 00:00:00+00:00,9071373.0
2020-02-22 00:00:00+00:00,8096950.0
2020-02-23 00:00:00+00:00,7476237.0
2020-02-24 00:00:00+00:00,8846107.0
2020-02-25 00:00:00+00:00,8956562.0
2020-02-26 00:00:00+00:00,9076397.0
2020-02-27 00:00:00+00:00,9047359.0
2020-02-28 00:00:00+00:00,8480160.0
2020-02-29 00:00:00+00:00,309961.0
2020-03-01 00:00:00+00:00,7551594.0
2020-03-02 00:00:00+00:00,8933469.0
2020-03-03 00:00:00+00:00,9253454.0
2020-03-04 00:00:00+00:00,9119542.0
2020-03-05 00:00:00+00:00,9080392.0
2020-03-06 00:00:00+00:00,9126201.0
2020-03-07 00:00:00+00:00,8209573.0
2020-03-08 00:00:00+00:00,7609960.0
2020-03-09 00:00:00+00:00,8912394.0
2020-03-10 00:00:00+00:00,8967202.0
2020-03-11 00:00:00+00:00,8983935.0
2020-03-12 00:00:00+00:00,8899497.0
2020-03-13 00:00:00+00:00,8770145.0
2020-03-14 00:00:00+00:00,7742982.0
2020-03-15 00:00:00+00:00,7225112.0
2020-03-16 00:00:00+00:00,8454527.0
2020-03-17 00:00:00+00:00,8482597.0
2020-03-18 00:00:00+00:00,8220518.0
2020-03-19 00:00:00+00:00,7683177.0
2020-03-20 00:00:00+00:00,7820625.0
2020-03-21 00:00:00+00:00,7409785.0
2020-03-22 00:00:00+00:00,7024469.0
2020-03-23 00:00:00+00:00,7863800.0
2020-03-24 00:00:00+00:00,7950009.0
2020-03-25 00:00:00+00:00,7974704.0
2020-03-26 00:00:00+00:00,7934119.0
2020-03-27 00:00:00+00:00,8017812.0
2020-03-28 00:00:00+00:00,7264369.0
2020-03-29 00:00:00+00:00,6729045.0
2020-03-30 00:00:00+00:00,6801076.0
2020-03-31 00:00:00+00:00,548886.0
2020-04-01 00:00:00+00:00,7267708.0
2020-04-02 00:00:00+00:00,7203505.0
2020-04-03 00:00:00+00:00,7035027.0
2020-04-04 00:00:00+00:00,6540228.0
2020-04-05 00:00:00+00:00,6261537.0
2020-04-06 00:00:00+00:00,6881729.0
2020-04-07 00:00:00+00:00,6846323.0
2020-04-08 00:00:00+00:00,6725811.0
2020-04-09 00:00:00+00:00,6426052.0
2020-04-10 00:00:00+00:00,6169833.0
2020-04-11 00:00:00+00:00,6279344.0
2020-04-12 00:00:00+00:00,6057705.0
2020-04-13 00:00:00+00:00,6567762.0
2020-04-14 00:00:00+00:00,7112697.0
2020-04-15 00:00:00+00:00,7270096.0
2020-04-16 00:00:00+00:00,7259869.0
2020-04-17 00:00:00+00:00,7208980.0
2020-04-18 00:00:00+00:00,6643558.0
2020-04-19 00:00:00+00:00,6275099.0
2020-04-20 00:00:00+00:00,7076959.0
2020-04-21 00:00:00+00:00,7291580.0
2020-04-22 00:00:00+00:00,7322577.0
2020-04-23 00:00:00+00:00,7286142.0
2020-04-24 00:00:00+00:00,7202274.0
2020-04-25 00:00:00+00:00,6702662.0
2020-04-26 00:00:00+00:00,6303155.0
2020-04-27 00:00:00+00:00,7143032.0
2020-04-28 00:00:00+00:00,7271823.0
2020-04-29 00:00:00+00:00,6760151.0
2020-04-30 00:00:00+00:00,529272.0
2020-05-01 00:00:00+00:00,6266019.0
2020-05-02 00:00:00+00:00,6413055.0
2020-05-03 00:00:00+00:00,6216508.0
2020-05-04 00:00:00+00:00,7091687.0
2020-05-05 00:00:00+00:00,7338531.0
2020-05-06 00:00:00+00:00,7399451.0
2020-05-07 00:00:00+00:00,7299350.0
2020-05-08 00:00:00+00:00,7205493.0
2020-05-09 00:00:00+00:00,6564596.0
2020-05-10 00:00:00+00:00,6166293.0
2020-05-11 00:00:00+00:00,7145347.0
2020-05-12 00:00:00+00:00,7477808.0
2020-05-13 00:00:00+00:00,7406288.0
2020-05-14 00:00:00+00:00,7424081.0
2020-05-15 00:00:00+00:00,7248963.0
2020-05-16 00:00:00+00:00,6617927.0
2020-05-17 00:00:00+00:00,6253317.0
2020-05-18 00:00:00+00:00,7209925.0
2020-05-19 00:00:00+00:00,7407524.0
2020-05-20 00:00:00+00:00,7587535.0
2020-05-21 00:00:00+00:00,7661489.0
2020-05-22 00:00:00+00:00,7692569.0
2020-05-23 00:00:00+00:00,6993394.0
2020-05-24 00:00:00+00:00,6584319.0
2020-05-25 00:00:00+00:00,7623274.0
2020-05-26 00:00:00+00:00,7795849.0
2020-05-27 00:00:00+00:00,7852247.0
2020-05-28 00:00:00+00:00,7810315.0
2020-05-29 00:00:00+00:00,7779256.0
2020-05-30 00:00:00+00:00,6530496.0
2020-05-31 00:00:00+00:00,536184.0
2020-06-01 00:00:00+00:00,7607376.0
2020-06-02 00:00:00+00:00,7903536.0
2020-06-03 00:00:00+00:00,8007540.0
2020-06-04 00:00:00+00:00,7839812.0
2020-06-05 00:00:00+00:00,7711736.0
2020-06-06 00:00:00+00:00,6985826.0
2020-06-07 00:00:00+00:00,6477845.0
2020-06-08 00:00:00+00:00,7549410.0
2020-06-09 00:00:00+00:00,7735899.0
2020-06-10 00:00:00+00:00,7866560.0
2020-06-11 00:00:00+00:00,7855721.0
2020-06-12 00:00:00+00:00,7774573.0
2020-06-13 00:00:00+00:00,6979539.0
2020-06-14 00:00:00+00:00,6518390.0
2020-06-15 00:00:00+00:00,7779901.0
2020-06-16 00:00:00+00:00,7923089.0
2020-06-17 00:00:00+00:00,7935694.0
2020-06-18 00:00:00+00:00,7923226.0
2020-06-19 00:00:00+00:00,7942948.0
2020-06-20 00:00:00+00:00,7334796.0
2020-06-21 00:00:00+00:00,6963472.0
2020-06-22 00:00:00+00:00,8345262.0
2020-06-23 00:00:00+00:00,8588090.0
2020-06-24 00:00:00+00:00,8076658.0
2020-06-25 00:00:00+00:00,8655011.0
2020-06-26 00:00:00+00:00,8466062.0
2020-06-27 00:00:00+00:00,7699045.0
2020-06-28 00:00:00+00:00,7377289.0
2020-06-29 00:00:00+00:00,8195357.0
2020-06-30 00:00:00+00:00,674220.0
2020-07-01 00:00:00+00:00,9233029.0
2020-07-02 00:00:00+00:00,9243005.0
2020-07-03 00:00:00+00:00,8847336.0
2020-07-04 00:00:00+00:00,7987804.0
2020-07-05 00:00:00+00:00,7627947.0
2020-07-06 00:00:00+00:00,9217552.0
2020-07-07 00:00:00+00:00,9435524.0
2020-07-08 00:00:00+00:00,9451693.0
2020-07-09 00:00:00+00:00,9303422.0
2020-07-10 00:00:00+00:00,9112540.0
2020-07-11 00:00:00+00:00,8261852.0
2020-07-12 00:00:00+00:00,7637240.0
2020-07-13 00:00:00+00:00,9119684.0
2020-07-14 00:00:00+00:00,9110645.0
2020-07-15 00:00:00+00:00,2184763.0
2020-07-16 00:00:00+00:00,9184682.0
2020-07-17 00:00:00+00:00,9102784.0
2020-07-18 00:00:00+00:00,8262688.0
2020-07-19 00:00:00+00:00,7810742.0
2020-07-20 00:00:00+00:00,9329465.0
2020-07-21 00:00:00+00:00,9478340.0
2020-07-22 00:00:00+00:00,9406930.0
2020-07-23 00:00:00+00:00,9541678.0
2020-07-24 00:00:00+00:00,9460332.0
2020-07-25 00:00:00+00:00,8442792.0
2020-07-26 00:00:00+00:00,8038796.0
2020-07-27 00:00:00+00:00,9647729.0
2020-07-28 00:00:00+00:00,9824041.0
2020-07-29 00:00:00+00:00,9848109.0
2020-07-30 00:00:00+00:00,9256822.0
2020-07-31 00:00:00+00:00,724879.0
2020-08-01 00:00:00+00:00,8838550.0
2020-08-02 00:00:00+00:00,8085565.0
2020-08-03 00:00:00+00:00,8995333.0
2020-08-04 00:00:00+00:00,9057144.0
2020-08-05 00:00:00+00:00,9268806.0
2020-08-06 00:00:00+00:00,9382443.0
2020-08-07 00:00:00+00:00,9354564.0
2020-08-08 00:00:00+00:00,8432893.0
2020-08-09 00:00:00+00:00,7956346.0
2020-08-10 00:00:00+00:00,8923222.0
2020-08-11 00:00:00+00:00,8847608.0
2020-08-12 00:00:00+00:00,8595805.0
2020-08-13 00:00:00+00:00,8677415.0
2020-08-14 00:00:00+00:00,8568496.0
2020-08-15 00:00:00+00:00,7562242.0
2020-08-16 00:00:00+00:00,7127486.0
2020-08-17 00:00:00+00:00,8238151.0
2020-08-18 00:00:00+00:00,8578670.0
2020-08-19 00:00:00+00:00,8781152.0
2020-08-20 00:00:00+00:00,8821811.0
2020-08-21 00:00:00+00:00,8935815.0
2020-08-22 00:00:00+00:00,8123985.0
2020-08-23 00:00:00+00:00,7527785.0
2020-08-24 00:00:00+00:00,8907501.0
2020-08-25 00:00:00+00:00,9366438.0
2020-08-26 00:00:00+00:00,9572716.0
2020-08-27 00:00:00+00:00,9642592.0
2020-08-28 00:00:00+00:00,9241849.0
2020-08-29 00:00:00+00:00,7539227.0
2020-08-30 00:00:00+00:00,6317066.0
2020-08-31 00:00:00+00:00,614433.0
2020-09-01 00:00:00+00:00,8479599.0
2020-09-02 00:00:00+00:00,8593323.0
2020-09-03 00:00:00+00:00,8709075.0
2020-09-04 00:00:00+00:00,8749788.0
2020-09-05 00:00:00+00:00,7832260.0
2020-09-06 00:00:00+00:00,7257224.0
2020-09-07 00:00:00+00:00,8373194.0
2020-09-08 00:00:00+00:00,8438700.0
2020-09-09 00:00:00+00:00,8691230.0
2020-09-10 00:00:00+00:00,8720130.0
2020-09-11 00:00:00+00:00,8462216.0
2020-09-12 00:00:00+00:00,7859901.0
2020-09-13 00:00:00+00:00,7358200.0
2020-09-14 00:00:00+00:00,8772299.0
2020-09-15 00:00:00+00:00,8987430.0
2020-09-16 00:00:00+00:00,9100754.0
2020-09-17 00:00:00+00:00,8932024.0
2020-09-18 00:00:00+00:00,8597927.0
2020-09-19 00:00:00+00:00,7516166.0
2020-09-20 00:00:00+00:00,6964998.0
2020-09-21 00:00:00+00:00,8318741.0
2020-09-22 00:00:00+00:00,8532246.0
2020-09-23 00:00:00+00:00,8596382.0
2020-09-24 00:00:00+00:00,8576107.0
2020-09-25 00:00:00+00:00,8276237.0
2020-09-26 00:00:00+00:00,7302223.0
2020-09-27 00:00:00+00:00,6797088.0
2020-09-28 00:00:00+00:00,8091361.0
2020-09-29 00:00:00+00:00,7764733.0
2020-09-30 00:00:00+00:00,613839.0
2020-10-01 00:00:00+00:00,8450222.0
2020-10-02 00:00:00+00:00,8359260.0
2020-10-03 00:00:00+00:00,7315826.0
2020-10-04 00:00:00+00:00,6899965.0
2020-10-05 00:00:00+00:00,8201758.0
2020-10-06 00:00:00+00:00,8371874.0
2020-10-07 00:00:00+00:00,8445387.0
2020-10-08 00:00:00+00:00,8478692.0
2020-10-09 00:00:00+00:00,8207444.0
2020-10-10 00:00:00+00:00,7326681.0
2020-10-11 00:00:00+00:00,6766725.0
2020-10-12 00:00:00+00:00,6913377.0
2020-10-13 00:00:00+00:00,8193983.0
2020-10-14 00:00:00+00:00,8471063.0
2020-10-15 00:00:00+00:00,8509594.0
2020-10-16 00:00:00+00:00,8465516.0
2020-10-17 00:00:00+00:00,7605476.0
2020-10-18 00:00:00+00:00,7037483.0
2020-10-19 00:00:00+00:00,8365068.0
2020-10-20 00:00:00+00:00,8578826.0
2020-10-21 00:00:00+00:00,8504675.0
2020-10-22 00:00:00+00:00,8544160.0
2020-10-23 00:00:00+00:00,8354065.0
2020-10-24 00:00:00+00:00,7449837.0
2020-10-25 00:00:00+00:00,6975682.0
2020-10-26 00:00:00+00:00,8301698.0
2020-10-27 00:00:00+00:00,8557318.0
2020-10-28 00:00:00+00:00,8628358.0
2020-10-29 00:00:00+00:00,8635417.0
2020-10-30 00:00:00+00:00,8230694.0
2020-10-31 00:00:00+00:00,280434.0
2020-11-01 00:00:00+00:00,6944469.0
2020-11-02 00:00:00+00:00,7832639.0
2020-11-03 00:00:00+00:00,8437123.0
2020-11-04 00:00:00+00:00,8766954.0
2020-11-05 00:00:00+00:00,8759198.0
2020-11-06 00:00:00+00:00,8528370.0
2020-11-07 00:00:00+00:00,7610379.0
2020-11-08 00:00:00+00:00,7043734.0
2020-11-09 00:00:00+00:00,1947810.0
2020-11-10 00:00:00+00:00,8588817.0
2020-11-11 00:00:00+00:00,8672075.0
2020-11-12 00:00:00+00:00,8681309.0
2020-11-13 00:00:00+00:00,8607477.0
2020-11-14 00:00:00+00:00,7724131.0
2020-11-15 00:00:00+00:00,7057409.0
2020-11-16 00:00:00+00:00,8374604.0
2020-11-17 00:00:00+00:00,8629471.0
2020-11-18 00:00:00+00:00,8683612.0
2020-11-19 00:00:00+00:00,8594155.0
2020-11-20 00:00:00+00:00,8545803.0
2020-11-21 00:00:00+00:00,7796253.0
2020-11-22 00:00:00+00:00,7381634.0
2020-11-23 00:00:00+00:00,8853334.0
2020-11-24 00:00:00+00:00,9178856.0
2020-11-25 00:00:00+00:00,9232413.0
2020-11-26 00:00:00+00:00,9193646.0
2020-11-27 00:00:00+00:00,9108089.0
2020-11-28 00:00:00+00:00,8125599.0
2020-11-29 00:00:00+00:00,7354838.0
2020-11-30 00:00:00+00:00,321669.0
2020-12-01 00:00:00+00:00,9017694.0
2020-12-02 00:00:00+00:00,9142883.0
2020-12-03 00:00:00+00:00,9393636.0
2020-12-04 00:00:00+00:00,9434963.0
2020-12-05 00:00:00+00:00,8603142.0
2020-12-06 00:00:00+00:00,8026950.0
2020-12-07 00:00:00+00:00,8447713.0
2020-12-08 00:00:00+00:00,8234390.0
2020-12-09 00:00:00+00:00,9590957.0
2020-12-10 00:00:00+00:00,9694116.0
2020-12-11 00:00:00+00:00,9392217.0
2020-12-12 00:00:00+00:00,8160361.0
2020-12-13 00:00:00+00:00,7771223.0
2020-12-14 00:00:00+00:00,9155128.0
2020-12-15 00:00:00+00:00,9245507.0
2020-12-16 00:00:00+00:00,9429414.0
2020-12-17 00:00:00+00:00,9405044.0
2020-12-18 00:00:00+00:00,9339386.0
2020-12-19 00:00:00+00:00,8363314.0
2020-12-20 00:00:00+00:00,7801946.0
2020-12-21 00:00:00+00:00,9044836.0
2020-12-22 00:00:00+00:00,9021380.0
2020-12-23 00:00:00+00:00,8759145.0
2020-12-24 00:00:00+00:00,7755616.0
2020-12-25 00:00:00+00:00,6905456.0
2020-12-26 00:00:00+00:00,7730024.0
2020-12-27 00:00:00+00:00,7806630.0
2020-12-28 00:00:00+00:00,8773799.0
2020-12-29 00:00:00+00:00,8839957.0
2020-12-30 00:00:00+00:00,8556998.0
2020-12-31 00:00:00+00:00,313820.0
2021-01-01 00:00:00+00:00,7305035.0
2021-01-02 00:00:00+00:00,8221265.0
2021-01-03 00:00:00+00:00,8242119.0
2021-01-04 00:00:00+00:00,9645735.0
2021-01-05 00:00:00+00:00,9775177.0
2021-01-06 00:00:00+00:00,8477595.0
2021-01-07 00:00:00+00:00,10372913.0
2021-01-08 00:00:00+00:00,10555194.0
2021-01-09 00:00:00+00:00,9344341.0
2021-01-10 00:00:00+00:00,8897392.0
2021-01-11 00:00:00+00:00,10315390.0
2021-01-12 00:00:00+00:00,10640194.0
2021-01-13 00:00:00+00:00,10609681.0
2021-01-14 00:00:00+00:00,10564271.0
2021-01-15 00:00:00+00:00,10429136.0
2021-01-16 00:00:00+00:00,9283205.0
2021-01-17 00:00:00+00:00,8640054.0
2021-01-18 00:00:00+00:00,10096375.0
2021-01-19 00:00:00+00:00,10271381.0
2021-01-20 00:00:00+00:00,10260486.0
2021-01-21 00:00:00+00:00,9898137.0
2021-01-22 00:00:00+00:00,9604489.0
2021-01-23 00:00:00+00:00,8649239.0
2021-01-24 00:00:00+00:00,7913301.0
2021-01-25 00:00:00+00:00,9402123.0
2021-01-26 00:00:00+00:00,9312635.0
2021-01-27 00:00:00+00:00,9066141.0
2021-01-28 00:00:00+00:00,8974678.0
2021-01-29 00:00:00+00:00,8788101.0
2021-01-30 00:00:00+00:00,7792400.0
2021-01-31 00:00:00+00:00,303171.0
2021-02-01 00:00:00+00:00,8810952.0
2021-02-02 00:00:00+00:00,8961812.0
2021-02-03 00:00:00+00:00,8949484.0
2021-02-04 00:00:00+00:00,8937084.0
2021-02-05 00:00:00+00:00,8925270.0
2021-02-06 00:00:00+00:00,8051195.0
2021-02-07 00:00:00+00:00,7649401.0
2021-02-08 00:00:00+00:00,9149691.0
2021-02-09 00:00:00+00:00,9552122.0
2021-02-10 00:00:00+00:00,9273070.0
2021-02-11 00:00:00+00:00,9165208.0
2021-02-12 00:00:00+00:00,8982151.0
2021-02-13 00:00:00+00:00,8003196.0
2021-02-14 00:00:00+00:00,7639072.0
2021-02-15 00:00:00+00:00,8985715.0
2021-02-16 00:00:00+00:00,9067683.0
2021-02-17 00:00:00+00:00,9087531.0
2021-02-18 00:00:00+00:00,9108556.0
2021-02-19 00:00:00+00:00,9027518.0
2021-02-20 00:00:00+00:00,8071690.0
2021-02-21 00:00:00+00:00,7721508.0
2021-02-22 00:00:00+00:00,8974740.0
2021-02-23 00:00:00+00:00,9052410.0
2021-02-24 00:00:00+00:00,9032663.0
2021-02-25 00:00:00+00:00,9000541.0
2021-02-26 00:00:00+00:00,8944761.0
2021-02-27 00:00:00+00:00,7731632.0
2021-02-28 00:00:00+00:00,302574.0
2021-03-01 00:00:00+00:00,8828250.0
2021-03-02 00:00:00+00:00,9058686.0
2021-03-03 00:00:00+00:00,8998765.0
2021-03-04 00:00:00+00:00,8934822.0
2021-03-05 00:00:00+00:00,8870732.0
2021-03-06 00:00:00+00:00,7908635.0
2021-03-07 00:00:00+00:00,7499655.0
2021-03-08 00:00:00+00:00,8975708.0
2021-03-09 00:00:00+00:00,9153906.0
2021-03-10 00:00:00+00:00,9049485.0
2021-03-11 00:00:00+00:00,8923052.0
2021-03-12 00:00:00+00:00,8774485.0
2021-03-13 00:00:00+00:00,7784391.0
2021-03-14 00:00:00+00:00,7332555.0
2021-03-15 00:00:00+00:00,8725514.0
2021-03-16 00:00:00+00:00,8847112.0
2021-03-17 00:00:00+00:00,8840643.0
2021-03-18 00:00:00+00:00,8943310.0
2021-03-19 00:00:00+00:00,8523093.0
2021-03-20 00:00:00+00:00,8095224.0
2021-03-21 00:00:00+00:00,7615214.0
2021-03-22 00:00:00+00:00,8893919.0
2021-03-23 00:00:00+00:00,8925397.0
2021-03-24 00:00:00+00:00,8828104.0
2021-03-25 00:00:00+00:00,8720342.0
2021-03-26 00:00:00+00:00,8638649.0
2021-03-27 00:00:00+00:00,7788551.0
2021-03-28 00:00:00+00:00,7180628.0
2021-03-29 00:00:00+00:00,8382889.0
2021-03-30 00:00:00+00:00,7793080.0
2021-03-31 00:00:00+00:00,587817.0
2021-04-01 00:00:00+00:00,7255796.0
2021-04-02 00:00:00+00:00,6712733.0
2021-04-03 00:00:00+00:00,6957202.0
2021-04-04 00:00:00+00:00,6638523.0
2021-04-05 00:00:00+00:00,7299762.0
2021-04-06 00:00:00+00:00,8219709.0
2021-04-07 00:00:00+00:00,8511477.0
2021-04-08 00:00:00+00:00,8562677.0
2021-04-09 00:00:00+00:00,8574264.0
2021-04-10 00:00:00+00:00,7639724.0
2021-04-11 00:00:00+00:00,7114559.0
2021-04-12 00:00:00+00:00,8347103.0
2021-04-13 00:00:00+00:00,8657760.0
2021-04-14 00:00:00+00:00,8601384.0
2021-04-15 00:00:00+00:00,8673083.0
2021-04-16 00:00:00+00:00,8544219.0
2021-04-17 00:00:00+00:00,7655791.0
2021-04-18 00:00:00+00:00,7114095.0
2021-04-19 00:00:00+00:00,8449949.0
2021-04-20 00:00:00+00:00,8563540.0
2021-04-21 00:00:00+00:00,8562534.0
2021-04-22 00:00:00+00:00,8586815.0
2021-04-23 00:00:00+00:00,8239665.0
2021-04-24 00:00:00+00:00,7440015.0
2021-04-25 00:00:00+00:00,7089821.0
2021-04-26 00:00:00+00:00,8348439.0
2021-04-27 00:00:00+00:00,8470386.0
2021-04-28 00:00:00+00:00,8378241.0
2021-04-29 00:00:00+00:00,7801078.0
2021-04-30 00:00:00+00:00,583557.0
2021-05-01 00:00:00+00:00,6866367.0
2021-05-02 00:00:00+00:00,6709772.0
2021-05-03 00:00:00+00:00,8043535.0
2021-05-04 00:00:00+00:00,8297621.0
2021-05-05 00:00:00+00:00,8308453.0
2021-05-06 00:00:00+00:00,8256895.0
2021-05-07 00:00:00+00:00,8179636.0
2021-05-08 00:00:00+00:00,7303992.0
2021-05-09 00:00:00+00:00,6895765.0
2021-05-10 00:00:00+00:00,8105310.0
2021-05-11 00:00:00+00:00,8262528.0
2021-05-12 00:00:00+00:00,8278389.0
2021-05-13 00:00:00+00:00,8356873.0
2021-05-14 00:00:00+00:00,8232354.0
2021-05-15 00:00:00+00:00,7380697.0
2021-05-16 00:00:00+00:00,6941466.0
2021-05-17 00:00:00+00:00,8086985.0
2021-05-18 00:00:00+00:00,8389400.0
2021-05-19 00:00:00+00:00,8426599.0
2021-05-20 00:00:00+00:00,8391123.0
2021-05-21 00:00:00+00:00,8322834.0
2021-05-22 00:00:00+00:00,1838175.0
2021-05-23 00:00:00+00:00,6871070.0
2021-05-24 00:00:00+00:00,7911088.0
2021-05-25 00:00:00+00:00,8262346.0
2021-05-26 00:00:00+00:00,8353472.0
2021-05-27 00:00:00+00:00,8378550.0
2021-05-28 00:00:00+00:00,8282824.0
2021-05-29 00:00:00+00:00,7505314.0
2021-05-30 00:00:00+00:00,6447760.0
2021-05-31 00:00:00+00:00,620748.0
2021-06-01 00:00:00+00:00,8421014.0
2021-06-02 00:00:00+00:00,8456976.0
2021-06-03 00:00:00+00:00,8427947.0
2021-06-04 00:00:00+00:00,8342847.0
2021-06-05 00:00:00+00:00,7442221.0
2021-06-06 00:00:00+00:00,6957324.0
2021-06-07 00:00:00+00:00,8388983.0
2021-06-08 00:00:00+00:00,8712376.0
2021-06-09 00:00:00+00:00,8825285.0
2021-06-10 00:00:00+00:00,8939236.0
2021-06-11 00:00:00+00:00,8820843.0
2021-06-12 00:00:00+00:00,7975149.0
2021-06-13 00:00:00+00:00,7475821.0
2021-06-14 00:00:00+00:00,8992220.0
2021-06-15 00:00:00+00:00,9202323.0
2021-06-16 00:00:00+00:00,9114765.0
2021-06-17 00:00:00+00:00,8813133.0
2021-06-18 00:00:00+00:00,8666064.0
2021-06-19 00:00:00+00:00,7751941.0
2021-06-20 00:00:00+00:00,7148043.0
2021-06-21 00:00:00+00:00,8442371.0
2021-06-22 00:00:00+00:00,8589406.0
2021-06-23 00:00:00+00:00,8424935.0
2021-06-24 00:00:00+00:00,8069835.0
2021-06-25 00:00:00+00:00,8396746.0
2021-06-26 00:00:00+00:00,7804388.0
2021-06-27 00:00:00+00:00,7299688.0
2021-06-28 00:00:00+00:00,8564296.0
2021-06-29 00:00:00+00:00,8178695.0
2021-06-30 00:00:00+00:00,677380.0
2021-07-01 00:00:00+00:00,9026852.0
2021-07-02 00:00:00+00:00,9058473.0
2021-07-03 00:00:00+00:00,8278179.0
2021-07-04 00:00:00+00:00,7837288.0
2021-07-05 00:00:00+00:00,9245743.0
2021-07-06 00:00:00+00:00,9284706.0
2021-07-07 00:00:00+00:00,8987536.0
2021-07-08 00:00:00+00:00,8917267.0
2021-07-09 00:00:00+00:00,9036089.0
2021-07-10 00:00:00+00:00,8395556.0
2021-07-11 00:00:00+00:00,7979541.0
2021-07-12 00:00:00+00:00,9209233.0
2021-07-13 00:00:00+00:00,8966438.0
2021-07-14 00:00:00+00:00,8960434.0
2021-07-15 00:00:00+00:00,9049266.0
2021-07-16 00:00:00+00:00,9152509.0
2021-07-17 00:00:00+00:00,8460802.0
2021-07-18 00:00:00+00:00,7941918.0
2021-07-19 00:00:00+00:00,9391072.0
2021-07-20 00:00:00+00:00,9524486.0
2021-07-21 00:00:00+00:00,9664391.0
2021-07-22 00:00:00+00:00,9785277.0
2021-07-23 00:00:00+00:00,9647493.0
2021-07-24 00:00:00+00:00,8557152.0
2021-07-25 00:00:00+00:00,7869230.0
2021-07-26 00:00:00+00:00,9019199.0
2021-07-27 00:00:00+00:00,9267704.0
2021-07-28 00:00:00+00:00,9369860.0
2021-07-29 00:00:00+00:00,9523440.0
2021-07-30 00:00:00+00:00,8712025.0
2021-07-31 00:00:00+00:00,616632.0
2021-08-01 00:00:00+00:00,7363045.0
2021-08-02 00:00:00+00:00,8416951.0
2021-08-03 00:00:00+00:00,8673590.0
2021-08-04 00:00:00+00:00,8793080.0
2021-08-05 00:00:00+00:00,8920778.0
2021-08-06 00:00:00+00:00,8845248.0
2021-08-07 00:00:00+00:00,8139119.0
2021-08-08 00:00:00+00:00,7441513.0
2021-08-09 00:00:00+00:00,8396199.0
2021-08-10 00:00:00+00:00,8646382.0
2021-08-11 00:00:00+00:00,8978770.0
2021-08-12 00:00:00+00:00,9216174.0
2021-08-13 00:00:00+00:00,9277611.0
2021-08-14 00:00:00+00:00,8899338.0
2021-08-15 00:00:00+00:00,8393855.0
2021-08-16 00:00:00+00:00,8860296.0
2021-08-17 00:00:00+00:00,8825323.0
2021-08-18 00:00:00+00:00,8790168.0
2021-08-19 00:00:00+00:00,8746918.0
2021-08-20 00:00:00+00:00,8769684.0
2021-08-21 00:00:00+00:00,8214183.0
2021-08-22 00:00:00+00:00,7770764.0
2021-08-23 00:00:00+00:00,8964180.0
2021-08-24 00:00:00+00:00,9024000.0
2021-08-25 00:00:00+00:00,8940712.0
2021-08-26 00:00:00+00:00,9072046.0
2021-08-27 00:00:00+00:00,9099415.0
2021-08-28 00:00:00+00:00,8160900.0
2021-08-29 00:00:00+00:00,7544646.0
2021-08-30 00:00:00+00:00,8132892.0
2021-08-31 00:00:00+00:00,677507.0
2021-09-01 00:00:00+00:00,8940115.0
2021-09-02 00:00:00+00:00,8884719.0
2021-09-03 00:00:00+00:00,8863792.0
2021-09-04 00:00:00+00:00,7963873.0
2021-09-05 00:00:00+00:00,7570046.0
2021-09-06 00:00:00+00:00,9143675.0
2021-09-07 00:00:00+00:00,9318632.0
2021-09-08 00:00:00+00:00,9111950.0
2021-09-09 00:00:00+00:00,9162306.0
2021-09-10 00:00:00+00:00,8973555.0
2021-09-11 00:00:00+00:00,8013252.0
2021-09-12 00:00:00+00:00,7565486.0
2021-09-13 00:00:00+00:00,8875113.0
2021-09-14 00:00:00+00:00,9004964.0
2021-09-15 00:00:00+00:00,8929511.0
2021-09-16 00:00:00+00:00,8685894.0
2021-09-17 00:00:00+00:00,8598904.0
2021-09-18 00:00:00+00:00,7636460.0
2021-09-19 00:00:00+00:00,7066704.0
2021-09-20 00:00:00+00:00,8312739.0
2021-09-21 00:00:00+00:00,8313614.0
2021-09-22 00:00:00+00:00,8401327.0
2021-09-23 00:00:00+00:00,8430425.0
2021-09-24 00:00:00+00:00,8385236.0
2021-09-25 00:00:00+00:00,7566958.0
2021-09-26 00:00:00+00:00,7025623.0
2021-09-27 00:00:00+00:00,8346653.0
2021-09-28 00:00:00+00:00,8562722.0
2021-09-29 00:00:00+00:00,7959296.0
2021-09-30 00:00:00+00:00,625770.0
2021-10-01 00:00:00+00:00,8407343.0
2021-10-02 00:00:00+00:00,7482533.0
2021-10-03 00:00:00+00:00,6981895.0
2021-10-04 00:00:00+00:00,7993873.0
2021-10-05 00:00:00+00:00,8230248.0
2021-10-06 00:00:00+00:00,8414000.0
2021-10-07 00:00:00+00:00,8319394.0
2021-10-08 00:00:00+00:00,8249293.0
2021-10-09 00:00:00+00:00,7356640.0
2021-10-10 00:00:00+00:00,6798485.0
2021-10-11 00:00:00+00:00,7441018.0
2021-10-12 00:00:00+00:00,6953103.0
2021-10-13 00:00:00+00:00,8110717.0
2021-10-14 00:00:00+00:00,8178605.0
2021-10-15 00:00:00+00:00,8264883.0
2021-10-16 00:00:00+00:00,7420413.0
2021-10-17 00:00:00+00:00,6964366.0
2021-10-18 00:00:00+00:00,8241868.0
2021-10-19 00:00:00+00:00,8389607.0
2021-10-20 00:00:00+00:00,8375769.0
2021-10-21 00:00:00+00:00,8330215.0
2021-10-22 00:00:00+00:00,8217438.0
2021-10-23 00:00:00+00:00,7361356.0
2021-10-24 00:00:00+00:00,6899746.0
2021-10-25 00:00:00+00:00,8173418.0
2021-10-26 00:00:00+00:00,8370415.0
2021-10-27 00:00:00+00:00,8337556.0
2021-10-28 00:00:00+00:00,8356036.0
2021-10-29 00:00:00+00:00,8378156.0
2021-10-30 00:00:00+00:00,7023734.0
2021-10-31 00:00:00+00:00,276487.0
2021-11-01 00:00:00+00:00,6971019.0
2021-11-02 00:00:00+00:00,8171344.0
2021-11-03 00:00:00+00:00,8461693.0
2021-11-04 00:00:00+00:00,8552238.0
2021-11-05 00:00:00+00:00,8632561.0
2021-11-06 00:00:00+00:00,7887077.0
2021-11-07 00:00:00+00:00,1915424.0
2021-11-08 00:00:00+00:00,8666805.0
2021-11-09 00:00:00+00:00,8778495.0
2021-11-10 00:00:00+00:00,8917065.0
2021-11-11 00:00:00+00:00,8934182.0
2021-11-12 00:00:00+00:00,8853191.0
2021-11-13 00:00:00+00:00,7854529.0
2021-11-14 00:00:00+00:00,7391348.0
2021-11-15 00:00:00+00:00,8734633.0
2021-11-16 00:00:00+00:00,9007281.0
2021-11-17 00:00:00+00:00,9011996.0
2021-11-18 00:00:00+00:00,9099754.0
2021-11-19 00:00:00+00:00,9060723.0
2021-11-20 00:00:00+00:00,8179927.0
2021-11-21 00:00:00+00:00,7564005.0
2021-11-22 00:00:00+00:00,8999332.0
2021-11-23 00:00:00+00:00,9297338.0
2021-11-24 00:00:00+00:00,9460739.0
2021-11-25 00:00:00+00:00,9457337.0
2021-11-26 00:00:00+00:00,9402822.0
2021-11-27 00:00:00+00:00,8567640.0
2021-11-28 00:00:00+00:00,8199123.0
2021-11-29 00:00:00+00:00,9094987.0
2021-11-30 00:00:00+00:00,346959.0
2021-12-01 00:00:00+00:00,9589655.0
2021-12-02 00:00:00+00:00,9615576.0
2021-12-03 00:00:00+00:00,9507448.0
2021-12-04 00:00:00+00:00,8516217.0
2021-12-05 00:00:00+00:00,7930946.0
2021-12-06 00:00:00+00:00,8039268.0
2021-12-07 00:00:00+00:00,8537030.0
2021-12-08 00:00:00+00:00,8181900.0
2021-12-09 00:00:00+00:00,9410473.0
2021-12-10 00:00:00+00:00,9334369.0
2021-12-11 00:00:00+00:00,8366510.0
2021-12-12 00:00:00+00:00,7806783.0
2021-12-13 00:00:00+00:00,9189860.0
2021-12-14 00:00:00+00:00,9430740.0
2021-12-15 00:00:00+00:00,9456055.0
2021-12-16 00:00:00+00:00,9500539.0
2021-12-17 00:00:00+00:00,9421849.0
2021-12-18 00:00:00+00:00,8495436.0
2021-12-19 00:00:00+00:00,7946991.0
2021-12-20 00:00:00+00:00,9336652.0
2021-12-21 00:00:00+00:00,9321538.0
2021-12-22 00:00:00+00:00,9153506.0
2021-12-23 00:00:00+00:00,8768847.0
2021-12-24 00:00:00+00:00,7597630.0
2021-12-25 00:00:00+00:00,6581914.0
2021-12-26 00:00:00+00:00,6973935.0
2021-12-27 00:00:00+00:00,7838723.0
2021-12-28 00:00:00+00:00,7908778.0
2021-12-29 00:00:00+00:00,7838562.0
2021-12-30 00:00:00+00:00,7565667.0
2021-12-31 00:00:00+00:00,275661.0
2022-01-01 00:00:00+00:00,6424980.0
2022-01-02 00:00:00+00:00,6974171.0
2022-01-03 00:00:00+00:00,8342746.0
2022-01-04 00:00:00+00:00,8598771.0
2022-01-05 00:00:00+00:00,8546894.0
2022-01-06 00:00:00+00:00,7389682.0
2022-01-07 00:00:00+00:00,8470397.0
2022-01-08 00:00:00+00:00,8197376.0
2022-01-09 00:00:00+00:00,7806708.0
2022-01-10 00:00:00+00:00,9077996.0
2022-01-11 00:00:00+00:00,9197564.0
2022-01-12 00:00:00+00:00,9284955.0
2022-01-13 00:00:00+00:00,9448323.0
2022-01-14 00:00:00+00:00,9541269.0
2022-01-15 00:00:00+00:00,8556608.0
2022-01-16 00:00:00+00:00,8079463.0
2022-01-17 00:00:00+00:00,9483676.0
2022-01-18 00:00:00+00:00,9743612.0
2022-01-19 00:00:00+00:00,9783054.0
2022-01-20 00:00:00+00:00,9749998.0
2022-01-21 00:00:00+00:00,9698406.0
2022-01-22 00:00:00+00:00,8743046.0
2022-01-23 00:00:00+00:00,8238704.0
2022-01-24 00:00:00+00:00,9699397.0
2022-01-25 00:00:00+00:00,9684942.0
2022-01-26 00:00:00+00:00,9656768.0
2022-01-27 00:00:00+00:00,9562398.0
2022-01-28 00:00:00+00:00,9439971.0
2022-01-29 00:00:00+00:00,8438522.0
2022-01-30 00:00:00+00:00,7553492.0
2022-01-31 00:00:00+00:00,337714.0
2022-02-01 00:00:00+00:00,9287921.0
2022-02-02 00:00:00+00:00,9206937.0
2022-02-03 00:00:00+00:00,9157357.0
2022-02-04 00:00:00+00:00,9085554.0
2022-02-05 00:00:00+00:00,8156327.0
2022-02-06 00:00:00+00:00,7680265.0
2022-02-07 00:00:00+00:00,8945998.0
2022-02-08 00:00:00+00:00,9082375.0
2022-02-09 00:00:00+00:00,9104849.0
2022-02-10 00:00:00+00:00,9169006.0
2022-02-11 00:00:00+00:00,9040301.0
2022-02-12 00:00:00+00:00,8162812.0
2022-02-13 00:00:00+00:00,7597677.0
2022-02-14 00:00:00+00:00,8920392.0
2022-02-15 00:00:00+00:00,9110218.0
2022-02-16 00:00:00+00:00,9087713.0
2022-02-17 00:00:00+00:00,8980763.0
2022-02-18 00:00:00+00:00,8822604.0
2022-02-19 00:00:00+00:00,8112420.0
2022-02-20 00:00:00+00:00,7557914.0
2022-02-21 00:00:00+00:00,8769708.0
2022-02-22 00:00:00+00:00,8840880.0
2022-02-23 00:00:00+00:00,8847362.0
2022-02-24 00:00:00+00:00,8870424.0
2022-02-25 00:00:00+00:00,8901747.0
2022-02-26 00:00:00+00:00,8106331.0
2022-02-27 00:00:00+00:00,7223629.0
2022-02-28 00:00:00+00:00,321113.0
2022-03-01 00:00:00+00:00,8714052.0
2022-03-02 00:00:00+00:00,8836177.0
2022-03-03 00:00:00+00:00,8926126.0
2022-03-04 00:00:00+00:00,8884850.0
2022-03-05 00:00:00+00:00,7869013.0
2022-03-06 00:00:00+00:00,7428537.0
2022-03-07 00:00:00+00:00,8847028.0
2022-03-08 00:00:00+00:00,8828381.0
2022-03-09 00:00:00+00:00,8736787.0
2022-03-10 00:00:00+00:00,8676315.0
2022-03-11 00:00:00+00:00,8743255.0
2022-03-12 00:00:00+00:00,7709993.0
2022-03-13 00:00:00+00:00,7168056.0
2022-03-14 00:00:00+00:00,8758354.0
2022-03-15 00:00:00+00:00,8739981.0
2022-03-16 00:00:00+00:00,8748919.0
2022-03-17 00:00:00+00:00,8645797.0
2022-03-18 00:00:00+00:00,8466213.0
2022-03-19 00:00:00+00:00,7490077.0
2022-03-20 00:00:00+00:00,7119566.0
2022-03-21 00:00:00+00:00,8373284.0
2022-03-22 00:00:00+00:00,8546494.0
2022-03-23 00:00:00+00:00,8618207.0
2022-03-24 00:00:00+00:00,8696758.0
2022-03-25 00:00:00+00:00,8534319.0
2022-03-26 00:00:00+00:00,7653129.0
2022-03-27 00:00:00+00:00,6993373.0
2022-03-28 00:00:00+00:00,8215414.0
2022-03-29 00:00:00+00:00,8408355.0
2022-03-30 00:00:00+00:00,7905566.0
2022-03-31 00:00:00+00:00,611205.0
2022-04-01 00:00:00+00:00,8551594.0
2022-04-02 00:00:00+00:00,7699300.0
2022-04-03 00:00:00+00:00,7350632.0
2022-04-04 00:00:00+00:00,8987256.0
2022-04-05 00:00:00+00:00,9220774.0
2022-04-06 00:00:00+00:00,8937739.0
2022-04-07 00:00:00+00:00,8622947.0
2022-04-08 00:00:00+00:00,8454134.0
2022-04-09 00:00:00+00:00,7453069.0
2022-04-10 00:00:00+00:00,6899208.0
2022-04-11 00:00:00+00:00,8063934.0
2022-04-12 00:00:00+00:00,8264216.0
2022-04-13 00:00:00+00:00,8135472.0
2022-04-14 00:00:00+00:00,6966570.0
2022-04-15 00:00:00+00:00,6418887.0
2022-04-16 00:00:00+00:00,6602589.0
2022-04-17 00:00:00+00:00,6291239.0
2022-04-18 00:00:00+00:00,6938801.0
2022-04-19 00:00:00+00:00,7853148.0
2022-04-20 00:00:00+00:00,8312099.0
2022-04-21 00:00:00+00:00,8328738.0
2022-04-22 00:00:00+00:00,8335074.0
2022-04-23 00:00:00+00:00,7412420.0
2022-04-24 00:00:00+00:00,6812250.0
2022-04-25 00:00:00+00:00,7925175.0
2022-04-26 00:00:00+00:00,8164568.0
2022-04-27 00:00:00+00:00,8295081.0
2022-04-28 00:00:00+00:00,8268985.0
2022-04-29 00:00:00+00:00,7498028.0
2022-04-30 00:00:00+00:00,527118.0
2022-05-01 00:00:00+00:00,6346383.0
2022-05-02 00:00:00+00:00,7402323.0
2022-05-03 00:00:00+00:00,8118029.0
2022-05-04 00:00:00+00:00,8198665.0
2022-05-05 00:00:00+00:00,8104453.0
2022-05-06 00:00:00+00:00,7923879.0
2022-05-07 00:00:00+00:00,7086220.0
2022-05-08 00:00:00+00:00,6609596.0
2022-05-09 00:00:00+00:00,7929246.0
2022-05-10 00:00:00+00:00,8159636.0
2022-05-11 00:00:00+00:00,8209809.0
2022-05-12 00:00:00+00:00,8209886.0
2022-05-13 00:00:00+00:00,8206372.0
2022-05-14 00:00:00+00:00,7299134.0
2022-05-15 00:00:00+00:00,6787789.0
2022-05-16 00:00:00+00:00,7984245.0
2022-05-17 00:00:00+00:00,8283077.0
2022-05-18 00:00:00+00:00,8467094.0
2022-05-19 00:00:00+00:00,8603697.0
2022-05-20 00:00:00+00:00,8571809.0
2022-05-21 00:00:00+00:00,7706771.0
2022-05-22 00:00:00+00:00,7072457.0
2022-05-23 00:00:00+00:00,8300027.0
2022-05-24 00:00:00+00:00,8299892.0
2022-05-25 00:00:00+00:00,8094711.0
2022-05-26 00:00:00+00:00,8160649.0
2022-05-27 00:00:00+00:00,8215581.0
2022-05-28 00:00:00+00:00,7517962.0
2022-05-29 00:00:00+00:00,6963426.0
2022-05-30 00:00:00+00:00,7557099.0
2022-05-31 00:00:00+00:00,627933.0
2022-06-01 00:00:00+00:00,8488512.0
2022-06-02 00:00:00+00:00,8561817.0
2022-06-03 00:00:00+00:00,8540571.0
2022-06-04 00:00:00+00:00,7549041.0
2022-06-05 00:00:00+00:00,7065568.0
2022-06-06 00:00:00+00:00,8113840.0
2022-06-07 00:00:00+00:00,8659509.0
2022-06-08 00:00:00+00:00,8755757.0
2022-06-09 00:00:00+00:00,8807885.0
2022-06-10 00:00:00+00:00,8862019.0
2022-06-11 00:00:00+00:00,8085854.0
2022-06-12 00:00:00+00:00,7576869.0
2022-06-13 00:00:00+00:00,9140452.0
2022-06-14 00:00:00+00:00,9638026.0
2022-06-15 00:00:00+00:00,9854374.0
2022-06-16 00:00:00+00:00,9785265.0
2022-06-17 00:00:00+00:00,9771244.0
2022-06-18 00:00:00+00:00,8616269.0
2022-06-19 00:00:00+00:00,7613089.0
2022-06-20 00:00:00+00:00,9041712.0
2022-06-21 00:00:00+00:00,9108791.0
2022-06-22 00:00:00+00:00,8842979.0
2022-06-23 00:00:00+00:00,8505557.0
2022-06-24 00:00:00+00:00,7879595.0
2022-06-25 00:00:00+00:00,7563154.0
2022-06-26 00:00:00+00:00,7095343.0
2022-06-27 00:00:00+00:00,8309361.0
2022-06-28 00:00:00+00:00,8628973.0
2022-06-29 00:00:00+00:00,8091388.0
2022-06-30 00:00:00+00:00,640310.0
2022-07-01 00:00:00+00:00,8560950.0
2022-07-02 00:00:00+00:00,7946587.0
2022-07-03 00:00:00+00:00,7451495.0
2022-07-04 00:00:00+00:00,8800098.0
2022-07-05 00:00:00+00:00,9154294.0
2022-07-06 00:00:00+00:00,9063979.0
2022-07-07 00:00:00+00:00,8966104.0
2022-07-08 00:00:00+00:00,9053845.0
2022-07-09 00:00:00+00:00,8243043.0
2022-07-10 00:00:00+00:00,7897047.0
2022-07-11 00:00:00+00:00,9474659.0
2022-07-12 00:00:00+00:00,9786181.0
2022-07-13 00:00:00+00:00,9981282.0
2022-07-14 00:00:00+00:00,10020000.0
2022-07-15 00:00:00+00:00,9931557.0
2022-07-16 00:00:00+00:00,8953543.0
2022-07-17 00:00:00+00:00,8385996.0
2022-07-18 00:00:00+00:00,9888705.0
2022-07-19 00:00:00+00:00,9803490.0
2022-07-20 00:00:00+00:00,9833140.0
2022-07-21 00:00:00+00:00,9971459.0
2022-07-22 00:00:00+00:00,9914189.0
2022-07-23 00:00:00+00:00,8750055.0
2022-07-24 00:00:00+00:00,8286408.0
2022-07-25 00:00:00+00:00,9447328.0
2022-07-26 00:00:00+00:00,9820044.0
2022-07-27 00:00:00+00:00,2294584.0
2022-07-28 00:00:00+00:00,9637256.0
2022-07-29 00:00:00+00:00,9493084.0
2022-07-30 00:00:00+00:00,7847145.0
2022-07-31 00:00:00+00:00,659331.0
2022-08-01 00:00:00+00:00,9393634.0
2022-08-02 00:00:00+00:00,9596214.0
2022-08-03 00:00:00+00:00,9499990.0
2022-08-04 00:00:00+00:00,9369969.0
2022-08-05 00:00:00+00:00,9107235.0
2022-08-06 00:00:00+00:00,8276083.0
2022-08-07 00:00:00+00:00,7709866.0
2022-08-08 00:00:00+00:00,8717676.0
2022-08-09 00:00:00+00:00,8849197.0
2022-08-10 00:00:00+00:00,9050987.0
2022-08-11 00:00:00+00:00,9060568.0
2022-08-12 00:00:00+00:00,9053280.0
2022-08-13 00:00:00+00:00,8354240.0
2022-08-14 00:00:00+00:00,7561040.0
2022-08-15 00:00:00+00:00,7467905.0
2022-08-16 00:00:00+00:00,8232604.0
2022-08-17 00:00:00+00:00,8151064.0
2022-08-18 00:00:00+00:00,7994572.0
2022-08-19 00:00:00+00:00,8026975.0
2022-08-20 00:00:00+00:00,7666495.0
2022-08-21 00:00:00+00:00,7365183.0
2022-08-22 00:00:00+00:00,8577606.0
2022-08-23 00:00:00+00:00,8880032.0
2022-08-24 00:00:00+00:00,8993332.0
2022-08-25 00:00:00+00:00,8921697.0
2022-08-26 00:00:00+00:00,8700416.0
2022-08-27 00:00:00+00:00,7904253.0
2022-08-28 00:00:00+00:00,7469144.0
2022-08-29 00:00:00+00:00,8839910.0
2022-08-30 00:00:00+00:00,8444498.0
2022-08-31 00:00:00+00:00,647578.0
2022-09-01 00:00:00+00:00,8851113.0
2022-09-02 00:00:00+00:00,8822324.0
2022-09-03 00:00:00+00:00,7685238.0
2022-09-04 00:00:00+00:00,7172145.0
2022-09-05 00:00:00+00:00,8637577.0
2022-09-06 00:00:00+00:00,8745384.0
2022-09-07 00:00:00+00:00,8800448.0
2022-09-08 00:00:00+00:00,8620374.0
2022-09-09 00:00:00+00:00,8719000.0
2022-09-10 00:00:00+00:00,7860107.0
2022-09-11 00:00:00+00:00,7468729.0
2022-09-12 00:00:00+00:00,9017115.0
2022-09-13 00:00:00+00:00,8992633.0
2022-09-14 00:00:00+00:00,8697618.0
2022-09-15 00:00:00+00:00,8630122.0
2022-09-16 00:00:00+00:00,8556824.0
2022-09-17 00:00:00+00:00,7434361.0
2022-09-18 00:00:00+00:00,6935715.0
2022-09-19 00:00:00+00:00,8324304.0
2022-09-20 00:00:00+00:00,8492810.0
2022-09-21 00:00:00+00:00,8430470.0
2022-09-22 00:00:00+00:00,8418788.0
2022-09-23 00:00:00+00:00,8334878.0
2022-09-24 00:00:00+00:00,7212868.0
2022-09-25 00:00:00+00:00,6599716.0
2022-09-26 00:00:00+00:00,7753347.0
2022-09-27 00:00:00+00:00,7968788.0
2022-09-28 00:00:00+00:00,8007862.0
2022-09-29 00:00:00+00:00,7446419.0
2022-09-30 00:00:00+00:00,557033.0
2022-10-01 00:00:00+00:00,6957491.0
2022-10-02 00:00:00+00:00,6543017.0
2022-10-03 00:00:00+00:00,7890564.0
2022-10-04 00:00:00+00:00,8098219.0
2022-10-05 00:00:00+00:00,8099601.0
2022-10-06 00:00:00+00:00,8180560.0
2022-10-07 00:00:00+00:00,8055791.0
2022-10-08 00:00:00+00:00,7080967.0
2022-10-09 00:00:00+00:00,6566915.0
2022-10-10 00:00:00+00:00,7872960.0
2022-10-11 00:00:00+00:00,7927601.0
2022-10-12 00:00:00+00:00,6746081.0
2022-10-13 00:00:00+00:00,7817684.0
2022-10-14 00:00:00+00:00,7910385.0
2022-10-15 00:00:00+00:00,6885875.0
2022-10-16 00:00:00+00:00,6544002.0
2022-10-17 00:00:00+00:00,7886514.0
2022-10-18 00:00:00+00:00,8105775.0
2022-10-19 00:00:00+00:00,8274815.0
2022-10-20 00:00:00+00:00,8309146.0
2022-10-21 00:00:00+00:00,8115689.0
2022-10-22 00:00:00+00:00,7044184.0
2022-10-23 00:00:00+00:00,6666750.0
2022-10-24 00:00:00+00:00,7868901.0
2022-10-25 00:00:00+00:00,8050110.0
2022-10-26 00:00:00+00:00,8101330.0
2022-10-27 00:00:00+00:00,8037391.0
2022-10-28 00:00:00+00:00,7889850.0
2022-10-29 00:00:00+00:00,6902945.0
2022-10-30 00:00:00+00:00,6188201.0
2022-10-31 00:00:00+00:00,265264.0
2022-11-01 00:00:00+00:00,6527694.0
2022-11-02 00:00:00+00:00,7705770.0
2022-11-03 00:00:00+00:00,7935141.0
2022-11-04 00:00:00+00:00,7887076.0
2022-11-05 00:00:00+00:00,6886487.0
2022-11-06 00:00:00+00:00,6433091.0
2022-11-07 00:00:00+00:00,7742847.0
2022-11-08 00:00:00+00:00,8067328.0
2022-11-09 00:00:00+00:00,7982756.0
2022-11-10 00:00:00+00:00,8006246.0
2022-11-11 00:00:00+00:00,8050176.0
2022-11-12 00:00:00+00:00,7107495.0
2022-11-13 00:00:00+00:00,6558775.0
2022-11-14 00:00:00+00:00,7941017.0
2022-11-15 00:00:00+00:00,8171299.0
2022-11-16 00:00:00+00:00,8253850.0
2022-11-17 00:00:00+00:00,8244939.0
2022-11-18 00:00:00+00:00,8173035.0
2022-11-19 00:00:00+00:00,7313597.0
2022-11-20 00:00:00+00:00,6809931.0
2022-11-21 00:00:00+00:00,8350668.0
2022-11-22 00:00:00+00:00,8648691.0
2022-11-23 00:00:00+00:00,8488498.0
2022-11-24 00:00:00+00:00,8455523.0
2022-11-25 00:00:00+00:00,8246702.0
2022-11-26 00:00:00+00:00,7413625.0
2022-11-27 00:00:00+00:00,7045243.0
2022-11-28 00:00:00+00:00,8389520.0
2022-11-29 00:00:00+00:00,8353789.0
2022-11-30 00:00:00+00:00,318657.0
2022-12-01 00:00:00+00:00,8836503.0
2022-12-02 00:00:00+00:00,8850087.0
2022-12-03 00:00:00+00:00,7955686.0
2022-12-04 00:00:00+00:00,7443664.0
2022-12-05 00:00:00+00:00,8557087.0
2022-12-06 00:00:00+00:00,7794400.0
2022-12-07 00:00:00+00:00,8412136.0
2022-12-08 00:00:00+00:00,7639485.0
2022-12-09 00:00:00+00:00,8117788.0
2022-12-10 00:00:00+00:00,7527329.0
2022-12-11 00:00:00+00:00,7382004.0
2022-12-12 00:00:00+00:00,8822800.0
2022-12-13 00:00:00+00:00,2047342.0
2022-12-14 00:00:00+00:00,8711015.0
2022-12-15 00:00:00+00:00,8606966.0
2022-12-16 00:00:00+00:00,8627725.0
2022-12-17 00:00:00+00:00,7606263.0
2022-12-18 00:00:00+00:00,7222437.0
2022-12-19 00:00:00+00:00,8640139.0
2022-12-20 00:00:00+00:00,8784601.0
2022-12-21 00:00:00+00:00,8582276.0
2022-12-22 00:00:00+00:00,8378482.0
2022-12-23 00:00:00+00:00,7951405.0
2022-12-24 00:00:00+00:00,6755291.0
2022-12-25 00:00:00+00:00,5952292.0
2022-12-26 00:00:00+00:00,6513512.0
2022-12-27 00:00:00+00:00,7377791.0
2022-12-28 00:00:00+00:00,7598641.0
2022-12-29 00:00:00+00:00,7715832.0
2022-12-30 00:00:00+00:00,7267363.0
2022-12-31 00:00:00+00:00,257036.0
2023-01-01 00:00:00+00:00,6054395.0
2023-01-02 00:00:00+00:00,7508525.0
2023-01-03 00:00:00+00:00,8122226.0
2023-01-04 00:00:00+00:00,8263178.0
2023-01-05 00:00:00+00:00,8053411.0
2023-01-06 00:00:00+00:00,6922483.0
2023-01-07 00:00:00+00:00,7534275.0
2023-01-08 00:00:00+00:00,7381280.0
2023-01-09 00:00:00+00:00,8459599.0
2023-01-10 00:00:00+00:00,8775762.0
2023-01-11 00:00:00+00:00,8883996.0
2023-01-12 00:00:00+00:00,8903537.0
2023-01-13 00:00:00+00:00,8878718.0
2023-01-14 00:00:00+00:00,7942974.0
2023-01-15 00:00:00+00:00,7418729.0
2023-01-16 00:00:00+00:00,9124334.0
2023-01-17 00:00:00+00:00,9161641.0
2023-01-18 00:00:00+00:00,9380471.0
2023-01-19 00:00:00+00:00,9449105.0
2023-01-20 00:00:00+00:00,9103947.0
2023-01-21 00:00:00+00:00,8122064.0
2023-01-22 00:00:00+00:00,7754845.0
2023-01-23 00:00:00+00:00,9437026.0
2023-01-24 00:00:00+00:00,9876539.0
2023-01-25 00:00:00+00:00,9735071.0
2023-01-26 00:00:00+00:00,9800937.0
2023-01-27 00:00:00+00:00,9622070.0
2023-01-28 00:00:00+00:00,8569118.0
2023-01-29 00:00:00+00:00,8080256.0
2023-01-30 00:00:00+00:00,9195702.0
2023-01-31 00:00:00+00:00,351335.0
2023-02-01 00:00:00+00:00,9556039.0
2023-02-02 00:00:00+00:00,9461755.0
2023-02-03 00:00:00+00:00,9255210.0
2023-02-04 00:00:00+00:00,8077014.0
2023-02-05 00:00:00+00:00,7503022.0
2023-02-06 00:00:00+00:00,9249576.0
2023-02-07 00:00:00+00:00,9709637.0
2023-02-08 00:00:00+00:00,9645675.0
2023-02-09 00:00:00+00:00,9517189.0
2023-02-10 00:00:00+00:00,9486450.0
2023-02-11 00:00:00+00:00,8327897.0
2023-02-12 00:00:00+00:00,7782471.0
2023-02-13 00:00:00+00:00,9174332.0
2023-02-14 00:00:00+00:00,9306432.0
2023-02-15 00:00:00+00:00,9175465.0
2023-02-16 00:00:00+00:00,9067841.0
2023-02-17 00:00:00+00:00,8914454.0
2023-02-18 00:00:00+00:00,7843641.0
2023-02-19 00:00:00+00:00,7236682.0
2023-02-20 00:00:00+00:00,8465164.0
2023-02-21 00:00:00+00:00,8617225.0
2023-02-22 00:00:00+00:00,8644689.0
2023-02-23 00:00:00+00:00,8883330.0
2023-02-24 00:00:00+00:00,8838757.0
2023-02-25 00:00:00+00:00,7990336.0
2023-02-26 00:00:00+00:00,7517827.0
2023-02-27 00:00:00+00:00,8865797.0
2023-02-28 00:00:00+00:00,342727.0
2023-03-01 00:00:00+00:00,9430225.0
2023-03-02 00:00:00+00:00,9461093.0
2023-03-03 00:00:00+00:00,9224377.0
2023-03-04 00:00:00+00:00,8049716.0
2023-03-05 00:00:00+00:00,7678077.0
2023-03-06 00:00:00+00:00,8866460.0
2023-03-07 00:00:00+00:00,8803947.0
2023-03-08 00:00:00+00:00,8656657.0
2023-03-09 00:00:00+00:00,8584130.0
2023-03-10 00:00:00+00:00,8220911.0
2023-03-11 00:00:00+00:00,7239441.0
2023-03-12 00:00:00+00:00,6688141.0
2023-03-13 00:00:00+00:00,7933407.0
2023-03-14 00:00:00+00:00,8047926.0
2023-03-15 00:00:00+00:00,8072882.0
2023-03-16 00:00:00+00:00,8083235.0
2023-03-17 00:00:00+00:00,8049099.0
2023-03-18 00:00:00+00:00,7240090.0
2023-03-19 00:00:00+00:00,6625161.0
2023-03-20 00:00:00+00:00,7705186.0
2023-03-21 00:00:00+00:00,7997374.0
2023-03-22 00:00:00+00:00,7929863.0
2023-03-23 00:00:00+00:00,7942534.0
2023-03-24 00:00:00+00:00,7979359.0
2023-03-25 00:00:00+00:00,7066751.0
2023-03-26 00:00:00+00:00,6564096.0
2023-03-27 00:00:00+00:00,7734549.0
2023-03-28 00:00:00+00:00,7874774.0
2023-03-29 00:00:00+00:00,7817167.0
2023-03-30 00:00:00+00:00,7172523.0
2023-03-31 00:00:00+00:00,569351.0
2023-04-01 00:00:00+00:00,6832235.0
2023-04-02 00:00:00+00:00,6308472.0
2023-04-03 00:00:00+00:00,7402110.0
2023-04-04 00:00:00+00:00,7562691.0
2023-04-05 00:00:00+00:00,7395203.0
2023-04-06 00:00:00+00:00,6523637.0
2023-04-07 00:00:00+00:00,5969466.0
2023-04-08 00:00:00+00:00,6156654.0
2023-04-09 00:00:00+00:00,5898528.0
2023-04-10 00:00:00+00:00,6576920.0
2023-04-11 00:00:00+00:00,7375809.0
2023-04-12 00:00:00+00:00,7652477.0
2023-04-13 00:00:00+00:00,7588320.0
2023-04-14 00:00:00+00:00,7644299.0
2023-04-15 00:00:00+00:00,6810620.0
2023-04-16 00:00:00+00:00,6259834.0
2023-04-17 00:00:00+00:00,7386757.0
2023-04-18 00:00:00+00:00,1863027.0
2023-04-19 00:00:00+00:00,7587716.0
2023-04-20 00:00:00+00:00,7611467.0
2023-04-21 00:00:00+00:00,7516041.0
2023-04-22 00:00:00+00:00,6732736.0
2023-04-23 00:00:00+00:00,6217367.0
2023-04-24 00:00:00+00:00,7411155.0
2023-04-25 00:00:00+00:00,7676988.0
2023-04-26 00:00:00+00:00,7740791.0
2023-04-27 00:00:00+00:00,7857719.0
2023-04-28 00:00:00+00:00,7724374.0
2023-04-29 00:00:00+00:00,6348850.0
2023-04-30 00:00:00+00:00,497917.0
2023-05-01 00:00:00+00:00,6045468.0
2023-05-02 00:00:00+00:00,7351972.0
2023-05-03 00:00:00+00:00,7686578.0
2023-05-04 00:00:00+00:00,7702826.0
2023-05-05 00:00:00+00:00,7687682.0
2023-05-06 00:00:00+00:00,6787440.0
2023-05-07 00:00:00+00:00,6396035.0
2023-05-08 00:00:00+00:00,7596669.0
2023-05-09 00:00:00+00:00,7828222.0
2023-05-10 00:00:00+00:00,7731303.0
2023-05-11 00:00:00+00:00,7649264.0
2023-05-12 00:00:00+00:00,7516225.0
2023-05-13 00:00:00+00:00,6646106.0
2023-05-14 00:00:00+00:00,6200873.0
2023-05-15 00:00:00+00:00,7307755.0
2023-05-16 00:00:00+00:00,7579333.0
2023-05-17 00:00:00+00:00,7490797.0
2023-05-18 00:00:00+00:00,7541862.0
2023-05-19 00:00:00+00:00,7485365.0
2023-05-20 00:00:00+00:00,6670764.0
2023-05-21 00:00:00+00:00,6229375.0
2023-05-22 00:00:00+00:00,7514542.0
2023-05-23 00:00:00+00:00,7638205.0
2023-05-24 00:00:00+00:00,7593170.0
2023-05-25 00:00:00+00:00,7586737.0
2023-05-26 00:00:00+00:00,7418768.0
2023-05-27 00:00:00+00:00,6522620.0
2023-05-28 00:00:00+00:00,6062820.0
2023-05-29 00:00:00+00:00,7296481.0
2023-05-30 00:00:00+00:00,6990622.0
2023-05-31 00:00:00+00:00,560093.0
2023-06-01 00:00:00+00:00,7784154.0
2023-06-02 00:00:00+00:00,7735201.0
2023-06-03 00:00:00+00:00,6770447.0
2023-06-04 00:00:00+00:00,6330427.0
2023-06-05 00:00:00+00:00,7624888.0
2023-06-06 00:00:00+00:00,7892646.0
2023-06-07 00:00:00+00:00,8110429.0
2023-06-08 00:00:00+00:00,8048813.0
2023-06-09 00:00:00+00:00,7885346.0
2023-06-10 00:00:00+00:00,6971137.0
2023-06-11 00:00:00+00:00,6567629.0
2023-06-12 00:00:00+00:00,7906072.0
2023-06-13 00:00:00+00:00,8046074.0
2023-06-14 00:00:00+00:00,8130306.0
2023-06-15 00:00:00+00:00,8258981.0
2023-06-16 00:00:00+00:00,8361237.0
2023-06-17 00:00:00+00:00,7519501.0
2023-06-18 00:00:00+00:00,6919775.0
2023-06-19 00:00:00+00:00,8262534.0
2023-06-20 00:00:00+00:00,8485199.0
2023-06-21 00:00:00+00:00,8572439.0
2023-06-22 00:00:00+00:00,8525789.0
2023-06-23 00:00:00+00:00,8445426.0
2023-06-24 00:00:00+00:00,7499787.0
2023-06-25 00:00:00+00:00,7405315.0
2023-06-26 00:00:00+00:00,9140159.0
2023-06-27 00:00:00+00:00,9342022.0
2023-06-28 00:00:00+00:00,9364070.0
2023-06-29 00:00:00+00:00,8628569.0
2023-06-30 00:00:00+00:00,650303.0
2023-07-01 00:00:00+00:00,7719666.0
2023-07-02 00:00:00+00:00,7393813.0
2023-07-03 00:00:00+00:00,8936887.0
2023-07-04 00:00:00+00:00,9038932.0
2023-07-05 00:00:00+00:00,9089538.0
2023-07-06 00:00:00+00:00,9146121.0
2023-07-07 00:00:00+00:00,8995757.0
2023-07-08 00:00:00+00:00,7920588.0
2023-07-09 00:00:00+00:00,7568172.0
2023-07-10 00:00:00+00:00,9430704.0
2023-07-11 00:00:00+00:00,9885353.0
2023-07-12 00:00:00+00:00,9793259.0
2023-07-13 00:00:00+00:00,9620252.0
2023-07-14 00:00:00+00:00,9612105.0
2023-07-15 00:00:00+00:00,8330478.0
2023-07-16 00:00:00+00:00,7674661.0
2023-07-17 00:00:00+00:00,9473322.0
2023-07-18 00:00:00+00:00,9998849.0
2023-07-19 00:00:00+00:00,10094856.0
2023-07-20 00:00:00+00:00,9818483.0
2023-07-21 00:00:00+00:00,9296234.0
2023-07-22 00:00:00+00:00,8113006.0
2023-07-23 00:00:00+00:00,7750717.0
2023-07-24 00:00:00+00:00,9013198.0
2023-07-25 00:00:00+00:00,8609749.0
2023-07-26 00:00:00+00:00,8820599.0
2023-07-27 00:00:00+00:00,8961645.0
2023-07-28 00:00:00+00:00,8861155.0
2023-07-29 00:00:00+00:00,8106288.0
2023-07-30 00:00:00+00:00,7093839.0
2023-07-31 00:00:00+00:00,674296.0
2023-08-01 00:00:00+00:00,9026638.0
2023-08-02 00:00:00+00:00,9203352.0
2023-08-03 00:00:00+00:00,8832412.0
2023-08-04 00:00:00+00:00,8208783.0
2023-08-05 00:00:00+00:00,7339624.0
2023-08-06 00:00:00+00:00,7117243.0
2023-08-07 00:00:00+00:00,8169291.0
2023-08-08 00:00:00+00:00,8549314.0
2023-08-09 00:00:00+00:00,8808908.0
2023-08-10 00:00:00+00:00,8954864.0
2023-08-11 00:00:00+00:00,8852665.0
2023-08-12 00:00:00+00:00,8096854.0
2023-08-13 00:00:00+00:00,7561645.0
2023-08-14 00:00:00+00:00,8143572.0
2023-08-15 00:00:00+00:00,7563281.0
2023-08-16 00:00:00+00:00,8385552.0
2023-08-17 00:00:00+00:00,8479148.0
2023-08-18 00:00:00+00:00,8475791.0
2023-08-19 00:00:00+00:00,7979430.0
2023-08-20 00:00:00+00:00,7825884.0
2023-08-21 00:00:00+00:00,9257260.0
2023-08-22 00:00:00+00:00,9474911.0
2023-08-23 00:00:00+00:00,9652241.0
2023-08-24 00:00:00+00:00,9678305.0
2023-08-25 00:00:00+00:00,9538170.0
2023-08-26 00:00:00+00:00,8347343.0
2023-08-27 00:00:00+00:00,6975050.0
2023-08-28 00:00:00+00:00,7996940.0
2023-08-29 00:00:00+00:00,8216163.0
2023-08-30 00:00:00+00:00,7707590.0
2023-08-31 00:00:00+00:00,636477.0
2023-09-01 00:00:00+00:00,8450646.0
2023-09-02 00:00:00+00:00,7342330.0
2023-09-03 00:00:00+00:00,6822818.0
2023-09-04 00:00:00+00:00,8224625.0
2023-09-05 00:00:00+00:00,8451342.0
2023-09-06 00:00:00+00:00,8564222.0
2023-09-07 00:00:00+00:00,8627067.0
2023-09-08 00:00:00+00:00,8338689.0
2023-09-09 00:00:00+00:00,7448964.0
2023-09-10 00:00:00+00:00,6973850.0
2023-09-11 00:00:00+00:00,8067901.0
2023-09-12 00:00:00+00:00,8461642.0
2023-09-13 00:00:00+00:00,8449544.0
2023-09-14 00:00:00+00:00,8561412.0
2023-09-15 00:00:00+00:00,8408115.0
2023-09-16 00:00:00+00:00,7262490.0
2023-09-17 00:00:00+00:00,6829287.0
2023-09-18 00:00:00+00:00,7989760.0
2023-09-19 00:00:00+00:00,8160018.0
2023-09-20 00:00:00+00:00,8058293.0
2023-09-21 00:00:00+00:00,8045130.0
2023-09-22 00:00:00+00:00,7795631.0
2023-09-23 00:00:00+00:00,6805332.0
2023-09-24 00:00:00+00:00,6430694.0
2023-09-25 00:00:00+00:00,7730751.0
2023-09-26 00:00:00+00:00,8060855.0
2023-09-27 00:00:00+00:00,8164966.0
2023-09-28 00:00:00+00:00,8235216.0
2023-09-29 00:00:00+00:00,7619789.0
2023-09-30 00:00:00+00:00,548664.0
2023-10-01 00:00:00+00:00,6797769.0
2023-10-02 00:00:00+00:00,8148537.0
2023-10-03 00:00:00+00:00,8305054.0
2023-10-04 00:00:00+00:00,8342810.0
2023-10-05 00:00:00+00:00,8331159.0
2023-10-06 00:00:00+00:00,8366921.0
2023-10-07 00:00:00+00:00,7330467.0
2023-10-08 00:00:00+00:00,6828571.0
2023-10-09 00:00:00+00:00,7938276.0
2023-10-10 00:00:00+00:00,8151618.0
2023-10-11 00:00:00+00:00,8051560.0
2023-10-12 00:00:00+00:00,6791480.0
2023-10-13 00:00:00+00:00,7316587.0
2023-10-14 00:00:00+00:00,6867975.0
2023-10-15 00:00:00+00:00,6456794.0
2023-10-16 00:00:00+00:00,7890082.0
2023-10-17 00:00:00+00:00,8178492.0
2023-10-18 00:00:00+00:00,8168748.0
2023-10-19 00:00:00+00:00,8280696.0
2023-10-20 00:00:00+00:00,7889041.0
2023-10-21 00:00:00+00:00,6791287.0
2023-10-22 00:00:00+00:00,6569626.0
2023-10-23 00:00:00+00:00,7868707.0
2023-10-24 00:00:00+00:00,7902444.0
2023-10-25 00:00:00+00:00,8076795.0
2023-10-26 00:00:00+00:00,8256270.0
2023-10-27 00:00:00+00:00,8074861.0
2023-10-28 00:00:00+00:00,7107213.0
2023-10-29 00:00:00+00:00,6698661.0
2023-10-30 00:00:00+00:00,7616554.0
2023-10-31 00:00:00+00:00,296463.0
2023-11-01 00:00:00+00:00,7029435.0
2023-11-02 00:00:00+00:00,8090956.0
2023-11-03 00:00:00+00:00,8159225.0
2023-11-04 00:00:00+00:00,7348619.0
2023-11-05 00:00:00+00:00,1770832.0
2023-11-06 00:00:00+00:00,8054882.0
2023-11-07 00:00:00+00:00,8296477.0
2023-11-08 00:00:00+00:00,8475724.0
2023-11-09 00:00:00+00:00,8371915.0
2023-11-10 00:00:00+00:00,8307677.0
2023-11-11 00:00:00+00:00,7384260.0
2023-11-12 00:00:00+00:00,6766407.0
2023-11-13 00:00:00+00:00,8041654.0
2023-11-14 00:00:00+00:00,8142090.0
2023-11-15 00:00:00+00:00,8258360.0
2023-11-16 00:00:00+00:00,8289888.0
2023-11-17 00:00:00+00:00,8142287.0
2023-11-18 00:00:00+00:00,7203135.0
2023-11-19 00:00:00+00:00,6694322.0
2023-11-20 00:00:00+00:00,8057878.0
2023-11-21 00:00:00+00:00,8264359.0
2023-11-22 00:00:00+00:00,8396973.0
2023-11-23 00:00:00+00:00,8511441.0
2023-11-24 00:00:00+00:00,8518970.0
2023-11-25 00:00:00+00:00,7563448.0
2023-11-26 00:00:00+00:00,7177297.0
2023-11-27 00:00:00+00:00,8625346.0
2023-11-28 00:00:00+00:00,8796726.0
2023-11-29 00:00:00+00:00,8472205.0
2023-11-30 00:00:00+00:00,314467.0
2023-12-01 00:00:00+00:00,8601268.0
2023-12-02 00:00:00+00:00,7669162.0
2023-12-03 00:00:00+00:00,7441013.0
2023-12-04 00:00:00+00:00,8886470.0
2023-12-05 00:00:00+00:00,8994281.0
2023-12-06 00:00:00+00:00,8039701.0
2023-12-07 00:00:00+00:00,8355932.0
2023-12-08 00:00:00+00:00,7560064.0
2023-12-09 00:00:00+00:00,7507805.0
2023-12-10 00:00:00+00:00,7164901.0
2023-12-11 00:00:00+00:00,8509107.0
2023-12-12 00:00:00+00:00,8721924.0
2023-12-13 00:00:00+00:00,8801424.0
2023-12-14 00:00:00+00:00,8842864.0
2023-12-15 00:00:00+00:00,8842493.0
2023-12-16 00:00:00+00:00,7940807.0
2023-12-17 00:00:00+00:00,7651471.0
2023-12-18 00:00:00+00:00,9088684.0
2023-12-19 00:00:00+00:00,9203118.0
2023-12-20 00:00:00+00:00,9261254.0
2023-12-21 00:00:00+00:00,8996015.0
2023-12-22 00:00:00+00:00,8550157.0
2023-12-23 00:00:00+00:00,7613074.0
2023-12-24 00:00:00+00:00,7108907.0
2023-12-25 00:00:00+00:00,6623412.0
2023-12-26 00:00:00+00:00,7878733.0
2023-12-27 00:00:00+00:00,8355443.0
2023-12-28 00:00:00+00:00,8488610.0
2023-12-29 00:00:00+00:00,8359521.0
2023-12-30 00:00:00+00:00,7239185.0
2023-12-31 00:00:00+00:00,280226.0
2024-01-01 00:00:00+00:00,6615895.0
2024-01-02 00:00:00+00:00,8379253.0
2024-01-03 00:00:00+00:00,8608600.0
2024-01-04 00:00:00+00:00,8690256.0
2024-01-05 00:00:00+00:00,8290232.0
2024-01-06 00:00:00+00:00,7273462.0
2024-01-07 00:00:00+00:00,1996343.0
2024-01-08 00:00:00+00:00,9358377.0
2024-01-09 00:00:00+00:00,9733516.0
2024-01-10 00:00:00+00:00,9786457.0
2024-01-11 00:00:00+00:00,9643840.0
2024-01-12 00:00:00+00:00,9601381.0
2024-01-13 00:00:00+00:00,8517471.0
2024-01-14 00:00:00+00:00,7828882.0
2024-01-15 00:00:00+00:00,9223457.0
2024-01-16 00:00:00+00:00,9194580.0
2024-01-17 00:00:00+00:00,9028574.0
2024-01-18 00:00:00+00:00,8895599.0
2024-01-19 00:00:00+00:00,9255106.0
2024-01-20 00:00:00+00:00,8124005.0
2024-01-21 00:00:00+00:00,7626250.0
2024-01-22 00:00:00+00:00,9004934.0
2024-01-23 00:00:00+00:00,9036481.0
2024-01-24 00:00:00+00:00,8897369.0
2024-01-25 00:00:00+00:00,8805797.0
2024-01-26 00:00:00+00:00,8686248.0
2024-01-27 00:00:00+00:00,7592311.0
2024-01-28 00:00:00+00:00,7126641.0
2024-01-29 00:00:00+00:00,8591395.0
2024-01-30 00:00:00+00:00,8529824.0
2024-01-31 00:00:00+00:00,321147.0
2024-02-01 00:00:00+00:00,8715095.0
2024-02-02 00:00:00+00:00,8594081.0
2024-02-03 00:00:00+00:00,7632243.0
2024-02-04 00:00:00+00:00,7172915.0
2024-02-05 00:00:00+00:00,8654302.0
2024-02-06 00:00:00+00:00,8798789.0
2024-02-07 00:00:00+00:00,8905573.0
2024-02-08 00:00:00+00:00,8992926.0
2024-02-09 00:00:00+00:00,8994156.0
2024-02-10 00:00:00+00:00,7818995.0
2024-02-11 00:00:00+00:00,7549140.0
2024-02-12 00:00:00+00:00,8514098.0
2024-02-13 00:00:00+00:00,8486067.0
2024-02-14 00:00:00+00:00,8560440.0
2024-02-15 00:00:00+00:00,8700868.0
2024-02-16 00:00:00+00:00,8531926.0
2024-02-17 00:00:00+00:00,7346542.0
2024-02-18 00:00:00+00:00,6957004.0
2024-02-19 00:00:00+00:00,8204200.0
2024-02-20 00:00:00+00:00,8350857.0
2024-02-21 00:00:00+00:00,8560933.0
2024-02-22 00:00:00+00:00,8599935.0
2024-02-23 00:00:00+00:00,8516258.0
2024-02-24 00:00:00+00:00,7744680.0
2024-02-25 00:00:00+00:00,7423896.0
2024-02-26 00:00:00+00:00,8697932.0
2024-02-27 00:00:00+00:00,8826473.0
2024-02-28 00:00:00+00:00,8333497.0
2024-02-29 00:00:00+00:00,325368.0
2024-03-01 00:00:00+00:00,8598305.0
2024-03-02 00:00:00+00:00,7876792.0
2024-03-03 00:00:00+00:00,7316696.0
2024-03-04 00:00:00+00:00,8831194.0
2024-03-05 00:00:00+00:00,8629523.0
2024-03-06 00:00:00+00:00,8719029.0
2024-03-07 00:00:00+00:00,8858146.0
2024-03-08 00:00:00+00:00,8826423.0
2024-03-09 00:00:00+00:00,8122494.0
2024-03-10 00:00:00+00:00,7319292.0
2024-03-11 00:00:00+00:00,8527493.0
2024-03-12 00:00:00+00:00,8528201.0
2024-03-13 00:00:00+00:00,8545239.0
2024-03-14 00:00:00+00:00,8551289.0
2024-03-15 00:00:00+00:00,8346530.0
2024-03-16 00:00:00+00:00,7344213.0
2024-03-17 00:00:00+00:00,6828797.0
2024-03-18 00:00:00+00:00,7858931.0
2024-03-19 00:00:00+00:00,7795105.0
2024-03-20 00:00:00+00:00,8047173.0
2024-03-21 00:00:00+00:00,8126907.0
2024-03-22 00:00:00+00:00,8066399.0
2024-03-23 00:00:00+00:00,6955039.0
2024-03-24 00:00:00+00:00,6576277.0
2024-03-25 00:00:00+00:00,8190214.0
2024-03-26 00:00:00+00:00,8349675.0
2024-03-27 00:00:00+00:00,8200380.0
2024-03-28 00:00:00+00:00,7252713.0
2024-03-29 00:00:00+00:00,6772009.0
2024-03-30 00:00:00+00:00,6706775.0
2024-03-31 00:00:00+00:00,536435.0
2024-04-01 00:00:00+00:00,7195842.0
2024-04-02 00:00:00+00:00,8262493.0
2024-04-03 00:00:00+00:00,8155811.0
2024-04-04 00:00:00+00:00,8003795.0
2024-04-05 00:00:00+00:00,7849965.0
2024-04-06 00:00:00+00:00,6997736.0
2024-04-07 00:00:00+00:00,6617123.0
2024-04-08 00:00:00+00:00,7741914.0
2024-04-09 00:00:00+00:00,7775728.0
2024-04-10 00:00:00+00:00,7841023.0
2024-04-11 00:00:00+00:00,7872675.0
2024-04-12 00:00:00+00:00,7839901.0
2024-04-13 00:00:00+00:00,6872824.0
2024-04-14 00:00:00+00:00,6405062.0
2024-04-15 00:00:00+00:00,7731992.0
2024-04-16 00:00:00+00:00,7868332.0
2024-04-17 00:00:00+00:00,7787956.0
2024-04-18 00:00:00+00:00,7855331.0
2024-04-19 00:00:00+00:00,7888262.0
2024-04-20 00:00:00+00:00,6950532.0
2024-04-21 00:00:00+00:00,6437455.0
2024-04-22 00:00:00+00:00,7711258.0
2024-04-23 00:00:00+00:00,7942052.0
2024-04-24 00:00:00+00:00,8028188.0
2024-04-25 00:00:00+00:00,8244235.0
2024-04-26 00:00:00+00:00,8067077.0
2024-04-27 00:00:00+00:00,7214924.0
2024-04-28 00:00:00+00:00,6756375.0
2024-04-29 00:00:00+00:00,7504429.0
2024-04-30 00:00:00+00:00,576720.0
2024-05-01 00:00:00+00:00,6663695.0
2024-05-02 00:00:00+00:00,7595331.0
2024-05-03 00:00:00+00:00,7754407.0
2024-05-04 00:00:00+00:00,6979540.0
2024-05-05 00:00:00+00:00,6618674.0
2024-05-06 00:00:00+00:00,7773123.0
2024-05-07 00:00:00+00:00,7788901.0
2024-05-08 00:00:00+00:00,7907227.0
2024-05-09 00:00:00+00:00,7904262.0
2024-05-10 00:00:00+00:00,7750638.0
2024-05-11 00:00:00+00:00,6874680.0
2024-05-12 00:00:00+00:00,6440882.0
2024-05-13 00:00:00+00:00,7795510.0
2024-05-14 00:00:00+00:00,7949385.0
2024-05-15 00:00:00+00:00,7828315.0
2024-05-16 00:00:00+00:00,7923685.0
2024-05-17 00:00:00+00:00,7800118.0
2024-05-18 00:00:00+00:00,6934997.0
2024-05-19 00:00:00+00:00,6509574.0
2024-05-20 00:00:00+00:00,7638866.0
2024-05-21 00:00:00+00:00,7815980.0
2024-05-22 00:00:00+00:00,7872517.0
2024-05-23 00:00:00+00:00,7878706.0
2024-05-24 00:00:00+00:00,7821595.0
2024-05-25 00:00:00+00:00,6949564.0
2024-05-26 00:00:00+00:00,6470948.0
2024-05-27 00:00:00+00:00,7889358.0
2024-05-28 00:00:00+00:00,8082524.0
2024-05-29 00:00:00+00:00,8251653.0
2024-05-30 00:00:00+00:00,7623825.0
2024-05-31 00:00:00+00:00,611827.0
2024-06-01 00:00:00+00:00,7152671.0
2024-06-02 00:00:00+00:00,6676741.0
2024-06-03 00:00:00+00:00,8013455.0
2024-06-04 00:00:00+00:00,8127378.0
2024-06-05 00:00:00+00:00,8339958.0
2024-06-06 00:00:00+00:00,8498741.0
2024-06-07 00:00:00+00:00,8469705.0
2024-06-08 00:00:00+00:00,7413679.0
2024-06-09 00:00:00+00:00,6719546.0
2024-06-10 00:00:00+00:00,7989807.0
2024-06-11 00:00:00+00:00,8055898.0
2024-06-12 00:00:00+00:00,7992341.0
2024-06-13 00:00:00+00:00,7821216.0
2024-06-14 00:00:00+00:00,8087447.0
2024-06-15 00:00:00+00:00,7102727.0
2024-06-16 00:00:00+00:00,6599647.0
2024-06-17 00:00:00+00:00,8197902.0
2024-06-18 00:00:00+00:00,8376944.0
2024-06-19 00:00:00+00:00,8264081.0
2024-06-20 00:00:00+00:00,8166741.0
2024-06-21 00:00:00+00:00,7987326.0
2024-06-22 00:00:00+00:00,7249736.0
2024-06-23 00:00:00+00:00,6766114.0
2024-06-24 00:00:00+00:00,7831832.0
2024-06-25 00:00:00+00:00,8634072.0
2024-06-26 00:00:00+00:00,8668695.0
2024-06-27 00:00:00+00:00,8690635.0
2024-06-28 00:00:00+00:00,8579424.0
2024-06-29 00:00:00+00:00,7004116.0
2024-06-30 00:00:00+00:00,589265.0
2024-07-01 00:00:00+00:00,8195418.0
2024-07-02 00:00:00+00:00,8428915.0
2024-07-03 00:00:00+00:00,8662963.0
2024-07-04 00:00:00+00:00,8960856.0
2024-07-05 00:00:00+00:00,8975286.0
2024-07-06 00:00:00+00:00,7828386.0
2024-07-07 00:00:00+00:00,7123892.0
2024-07-08 00:00:00+00:00,8505066.0
2024-07-09 00:00:00+00:00,8836769.0
2024-07-10 00:00:00+00:00,9155805.0
2024-07-11 00:00:00+00:00,9454219.0
2024-07-12 00:00:00+00:00,9286815.0
2024-07-13 00:00:00+00:00,8006606.0
2024-07-14 00:00:00+00:00,7460607.0
2024-07-15 00:00:00+00:00,9015689.0
2024-07-16 00:00:00+00:00,9173527.0
2024-07-17 00:00:00+00:00,9296059.0
2024-07-18 00:00:00+00:00,9540732.0
2024-07-19 00:00:00+00:00,9586635.0
2024-07-20 00:00:00+00:00,8505798.0
2024-07-21 00:00:00+00:00,7665259.0
2024-07-22 00:00:00+00:00,8977898.0
2024-07-23 00:00:00+00:00,9447912.0
2024-07-24 00:00:00+00:00,9698409.0
2024-07-25 00:00:00+00:00,9292195.0
2024-07-26 00:00:00+00:00,9303176.0
2024-07-27 00:00:00+00:00,8456745.0
2024-07-28 00:00:00+00:00,8076690.0
2024-07-29 00:00:00+00:00,9620091.0
2024-07-30 00:00:00+00:00,9146456.0
2024-07-31 00:00:00+00:00,748039.0
2024-08-01 00:00:00+00:00,9826537.0
2024-08-02 00:00:00+00:00,9468056.0
2024-08-03 00:00:00+00:00,8365192.0
2024-08-04 00:00:00+00:00,7990259.0
2024-08-05 00:00:00+00:00,9110917.0
2024-08-06 00:00:00+00:00,9237244.0
2024-08-07 00:00:00+00:00,9244146.0
2024-08-08 00:00:00+00:00,9277921.0
2024-08-09 00:00:00+00:00,9253868.0
2024-08-10 00:00:00+00:00,8528605.0
2024-08-11 00:00:00+00:00,8052493.0
2024-08-12 00:00:00+00:00,9036602.0
2024-08-13 00:00:00+00:00,8865742.0
2024-08-14 00:00:00+00:00,8397611.0
2024-08-15 00:00:00+00:00,7386029.0
2024-08-16 00:00:00+00:00,7888560.0
2024-08-17 00:00:00+00:00,7783381.0
2024-08-18 00:00:00+00:00,7551259.0
2024-08-19 00:00:00+00:00,8569463.0
2024-08-20 00:00:00+00:00,8830383.0
2024-08-21 00:00:00+00:00,8920730.0
2024-08-22 00:00:00+00:00,8966639.0
2024-08-23 00:00:00+00:00,8918639.0
2024-08-24 00:00:00+00:00,8228505.0
2024-08-25 00:00:00+00:00,7704335.0
2024-08-26 00:00:00+00:00,8891778.0
2024-08-27 00:00:00+00:00,9202596.0
2024-08-28 00:00:00+00:00,9309172.0
2024-08-29 00:00:00+00:00,9213133.0
2024-08-30 00:00:00+00:00,8379306.0
2024-08-31 00:00:00+00:00,626770.0
2024-09-01 00:00:00+00:00,7558806.0
2024-09-02 00:00:00+00:00,8989624.0
2024-09-03 00:00:00+00:00,8945209.0
2024-09-04 00:00:00+00:00,8614129.0
2024-09-05 00:00:00+00:00,8512944.0
2024-09-06 00:00:00+00:00,8498805.0
2024-09-07 00:00:00+00:00,7498131.0
2024-09-08 00:00:00+00:00,7000458.0
2024-09-09 00:00:00+00:00,8181342.0
2024-09-10 00:00:00+00:00,8431654.0
2024-09-11 00:00:00+00:00,8254476.0
2024-09-12 00:00:00+00:00,8506773.0
2024-09-13 00:00:00+00:00,8143861.0
2024-09-14 00:00:00+00:00,7207401.0
2024-09-15 00:00:00+00:00,6758104.0
2024-09-16 00:00:00+00:00,8166287.0
2024-09-17 00:00:00+00:00,8296321.0
2024-09-18 00:00:00+00:00,8337894.0
2024-09-19 00:00:00+00:00,8339490.0
2024-09-20 00:00:00+00:00,8218874.0
2024-09-21 00:00:00+00:00,7267354.0
2024-09-22 00:00:00+00:00,6747564.0
2024-09-23 00:00:00+00:00,7918768.0
2024-09-24 00:00:00+00:00,8016058.0
2024-09-25 00:00:00+00:00,8361804.0
2024-09-26 00:00:00+00:00,8522599.0
2024-09-27 00:00:00+00:00,8170262.0
2024-09-28 00:00:00+00:00,7044399.0
2024-09-29 00:00:00+00:00,6088569.0
2024-09-30 00:00:00+00:00,588424.0
2024-10-01 00:00:00+00:00,8207984.0
2024-10-02 00:00:00+00:00,8449333.0
2024-10-03 00:00:00+00:00,8304410.0
2024-10-04 00:00:00+00:00,8098977.0
2024-10-05 00:00:00+00:00,7234315.0
2024-10-06 00:00:00+00:00,6940925.0
2024-10-07 00:00:00+00:00,8340832.0
2024-10-08 00:00:00+00:00,8256767.0
2024-10-09 00:00:00+00:00,8211536.0
2024-10-10 00:00:00+00:00,8063501.0
2024-10-11 00:00:00+00:00,7978544.0
2024-10-12 00:00:00+00:00,7062023.0
2024-10-13 00:00:00+00:00,6623583.0
2024-10-14 00:00:00+00:00,8102545.0
2024-10-15 00:00:00+00:00,8302021.0
2024-10-16 00:00:00+00:00,8317483.0
2024-10-17 00:00:00+00:00,8193729.0
2024-10-18 00:00:00+00:00,7999571.0
2024-10-19 00:00:00+00:00,7010136.0
2024-10-20 00:00:00+00:00,6613191.0
2024-10-21 00:00:00+00:00,7837162.0
2024-10-22 00:00:00+00:00,8083777.0
2024-10-23 00:00:00+00:00,8058880.0
2024-10-24 00:00:00+00:00,8059655.0
2024-10-25 00:00:00+00:00,8130363.0
2024-10-26 00:00:00+00:00,7090974.0
2024-10-27 00:00:00+00:00,6764730.0
2024-10-28 00:00:00+00:00,8065151.0
2024-10-29 00:00:00+00:00,8415443.0
2024-10-30 00:00:00+00:00,7973582.0
2024-10-31 00:00:00+00:00,287578.0
2024-11-01 00:00:00+00:00,6892467.0
2024-11-02 00:00:00+00:00,6823320.0
2024-11-03 00:00:00+00:00,6582888.0
2024-11-04 00:00:00+00:00,7798206.0
2024-11-05 00:00:00+00:00,8057577.0
2024-11-06 00:00:00+00:00,8079224.0
2024-11-07 00:00:00+00:00,8099115.0
2024-11-08 00:00:00+00:00,8115919.0
2024-11-09 00:00:00+00:00,7134631.0
2024-11-10 00:00:00+00:00,6704047.0
2024-11-11 00:00:00+00:00,7981069.0
2024-11-12 00:00:00+00:00,8331322.0
2024-11-13 00:00:00+00:00,8695043.0
2024-11-14 00:00:00+00:00,8514402.0
2024-11-15 00:00:00+00:00,8445506.0
2024-11-16 00:00:00+00:00,7424780.0
2024-11-17 00:00:00+00:00,6938082.0
2024-11-18 00:00:00+00:00,8198371.0
2024-11-19 00:00:00+00:00,8359100.0
2024-11-20 00:00:00+00:00,8406111.0
2024-11-21 00:00:00+00:00,8622849.0
2024-11-22 00:00:00+00:00,8487178.0
2024-11-23 00:00:00+00:00,7507999.0
2024-11-24 00:00:00+00:00,7066903.0
2024-11-25 00:00:00+00:00,8366520.0
2024-11-26 00:00:00+00:00,8638005.0
2024-11-27 00:00:00+00:00,8669263.0
2024-11-28 00:00:00+00:00,8742185.0
2024-11-29 00:00:00+00:00,8290128.0
2024-11-30 00:00:00+00:00,287283.0
2024-12-01 00:00:00+00:00,7221892.0
2024-12-02 00:00:00+00:00,8469051.0
2024-12-03 00:00:00+00:00,8659248.0
2024-12-04 00:00:00+00:00,8725033.0
2024-12-05 00:00:00+00:00,8702245.0
2024-12-06 00:00:00+00:00,7545391.0
2024-12-07 00:00:00+00:00,7446692.0
2024-12-08 00:00:00+00:00,7350126.0
2024-12-09 00:00:00+00:00,8736560.0
2024-12-10 00:00:00+00:00,9370524.0
2024-12-11 00:00:00+00:00,9698100.0
2024-12-12 00:00:00+00:00,9524514.0
2024-12-13 00:00:00+00:00,9389298.0
2024-12-14 00:00:00+00:00,8353945.0
2024-12-15 00:00:00+00:00,7976621.0
2024-12-16 00:00:00+00:00,9322101.0
2024-12-17 00:00:00+00:00,9497512.0
2024-12-18 00:00:00+00:00,9309717.0
2024-12-19 00:00:00+00:00,9157024.0
2024-12-20 00:00:00+00:00,8888114.0
2024-12-21 00:00:00+00:00,8040200.0
2024-12-22 00:00:00+00:00,7625460.0
2024-12-23 00:00:00+00:00,8251713.0
2024-12-24 00:00:00+00:00,7666587.0
2024-12-25 00:00:00+00:00,6591986.0
2024-12-26 00:00:00+00:00,7738787.0
2024-12-27 00:00:00+00:00,8096025.0
2024-12-28 00:00:00+00:00,7690484.0
2024-12-29 00:00:00+00:00,7430483.0
2024-12-30 00:00:00+00:00,8015455.0
2024-12-31 00:00:00+00:00,293754.0
2025-01-01 00:00:00+00:00,6978611.0
2025-01-02 00:00:00+00:00,8521820.0
2025-01-03 00:00:00+00:00,8755569.0
2025-01-04 00:00:00+00:00,7948509.0
2025-01-05 00:00:00+00:00,7522740.0
2025-01-06 00:00:00+00:00,7218790.0
2025-01-07 00:00:00+00:00,9035673.0
2025-01-08 00:00:00+00:00,9324031.0
2025-01-09 00:00:00+00:00,9117139.0
2025-01-10 00:00:00+00:00,9029300.0
2025-01-11 00:00:00+00:00,7948494.0
2025-01-12 00:00:00+00:00,7471040.0
2025-01-13 00:00:00+00:00,9228844.0
2025-01-14 00:00:00+00:00,9717219.0
2025-01-15 00:00:00+00:00,9877066.0
2025-01-16 00:00:00+00:00,9967648.0
2025-01-17 00:00:00+00:00,9781614.0
2025-01-18 00:00:00+00:00,8586950.0
2025-01-19 00:00:00+00:00,8173525.0
2025-01-20 00:00:00+00:00,9763912.0
2025-01-21 00:00:00+00:00,9749472.0
2025-01-22 00:00:00+00:00,9407016.0
2025-01-23 00:00:00+00:00,9140016.0
2025-01-24 00:00:00+00:00,9058350.0
2025-01-25 00:00:00+00:00,8120041.0
2025-01-26 00:00:00+00:00,7715606.0
2025-01-27 00:00:00+00:00,8995482.0
2025-01-28 00:00:00+00:00,9301858.0
2025-01-29 00:00:00+00:00,9637105.0
2025-01-30 00:00:00+00:00,9147948.0
2025-01-31 00:00:00+00:00,340187.0
2025-02-01 00:00:00+00:00,8244001.0
2025-02-02 00:00:00+00:00,7842561.0
2025-02-03 00:00:00+00:00,9255879.0
2025-02-04 00:00:00+00:00,9368913.0
2025-02-05 00:00:00+00:00,9371094.0
2025-02-06 00:00:00+00:00,9434346.0
2025-02-07 00:00:00+00:00,9531449.0
2025-02-08 00:00:00+00:00,8215952.0
2025-02-09 00:00:00+00:00,7698326.0
2025-02-10 00:00:00+00:00,9121947.0
2025-02-11 00:00:00+00:00,9187866.0
2025-02-12 00:00:00+00:00,9226867.0
2025-02-13 00:00:00+00:00,9012276.0
2025-02-14 00:00:00+00:00,8772603.0
2025-02-15 00:00:00+00:00,7935836.0
2025-02-16 00:00:00+00:00,7319315.0
2025-02-17 00:00:00+00:00,8605617.0
2025-02-18 00:00:00+00:00,8880782.0
2025-02-19 00:00:00+00:00,8758329.0
2025-02-20 00:00:00+00:00,8732508.0
2025-02-21 00:00:00+00:00,8834804.0
2025-02-22 00:00:00+00:00,7770019.0
2025-02-23 00:00:00+00:00,7237900.0
2025-02-24 00:00:00+00:00,8638696.0
2025-02-25 00:00:00+00:00,8936342.0
2025-02-26 00:00:00+00:00,8727171.0
2025-02-27 00:00:00+00:00,8639317.0
2025-02-28 00:00:00+00:00,328568.0
2025-03-01 00:00:00+00:00,7952719.0
2025-03-02 00:00:00+00:00,7745489.0
2025-03-03 00:00:00+00:00,9013964.0
2025-03-04 00:00:00+00:00,8888011.0
2025-03-05 00:00:00+00:00,8977380.0
2025-03-06 00:00:00+00:00,8987183.0
2025-03-07 00:00:00+00:00,9005576.0
2025-03-08 00:00:00+00:00,7993238.0
2025-03-09 00:00:00+00:00,7460773.0
2025-03-10 00:00:00+00:00,8853300.0
2025-03-11 00:00:00+00:00,8971868.0
2025-03-12 00:00:00+00:00,8862423.0
2025-03-13 00:00:00+00:00,9157835.0
2025-03-14 00:00:00+00:00,9103916.0
2025-03-15 00:00:00+00:00,7904405.0
2025-03-16 00:00:00+00:00,7655763.0
2025-03-17 00:00:00+00:00,9128954.0
2025-03-18 00:00:00+00:00,9165228.0
2025-03-19 00:00:00+00:00,8676742.0
2025-03-20 00:00:00+00:00,8769405.0
2025-03-21 00:00:00+00:00,8719658.0
2025-03-22 00:00:00+00:00,7745799.0
2025-03-23 00:00:00+00:00,7539548.0
2025-03-24 00:00:00+00:00,8824120.0
2025-03-25 00:00:00+00:00,8755976.0
2025-03-26 00:00:00+00:00,8546605.0
2025-03-27 00:00:00+00:00,8445655.0
2025-03-28 00:00:00+00:00,8158221.0
2025-03-29 00:00:00+00:00,7102166.0
2025-03-30 00:00:00+00:00,6073964.0
2025-03-31 00:00:00+00:00,607921.0
2025-04-01 00:00:00+00:00,7999713.0
2025-04-02 00:00:00+00:00,8388346.0
2025-04-03 00:00:00+00:00,8557342.0
2025-04-04 00:00:00+00:00,8426392.0
2025-04-05 00:00:00+00:00,7220453.0
2025-04-06 00:00:00+00:00,6699306.0
2025-04-07 00:00:00+00:00,7866360.0
2025-04-08 00:00:00+00:00,7903768.0
2025-04-09 00:00:00+00:00,7911681.0
2025-04-10 00:00:00+00:00,7962755.0
2025-04-11 00:00:00+00:00,8139625.0
2025-04-12 00:00:00+00:00,7338599.0
2025-04-13 00:00:00+00:00,6776688.0
2025-04-14 00:00:00+00:00,7861016.0
2025-04-15 00:00:00+00:00,8032767.0
2025-04-16 00:00:00+00:00,7864376.0
2025-04-17 00:00:00+00:00,6957710.0
2025-04-18 00:00:00+00:00,6488732.0
2025-04-19 00:00:00+00:00,6638208.0
2025-04-20 00:00:00+00:00,5879885.0
2025-04-21 00:00:00+00:00,7151377.0
2025-04-22 00:00:00+00:00,7950307.0
2025-04-23 00:00:00+00:00,7730948.0
2025-04-24 00:00:00+00:00,7748980.0
2025-04-25 00:00:00+00:00,7797366.0
2025-04-26 00:00:00+00:00,6835989.0
2025-04-27 00:00:00+00:00,6380055.0
2025-04-28 00:00:00+00:00,5667527.0
2025-04-29 00:00:00+00:00,6936031.0
